Date,District,Confirmed,Confirmed-total
07/15/2020,Balaka,1,34
07/15/2020,Blantyre,25,693
07/15/2020,Chikwawa,0,19
07/15/2020,Chiradzulu,1,13
07/15/2020,Chitipa,0,41
07/15/2020,Dedza,0,22
07/15/2020,Dowa,5,43
07/15/2020,Karonga,0,26
07/15/2020,Kasungu,0,25
07/15/2020,Lilongwe,36,504
07/15/2020,Machinga,2,46
07/15/2020,Mangochi,4,94
07/15/2020,Mchinji,1,43
07/15/2020,Mulanje,0,18
07/15/2020,Mwanza,1,23
07/15/2020,Mwanza PoE,2,172
07/15/2020,Mzimba North,10,365
07/15/2020,Mzimba South,9,91
07/15/2020,Neno,5,26
07/15/2020,Nkhata Bay,7,80
07/15/2020,Nkhotakota,3,30
07/15/2020,Nsanje,2,31
07/15/2020,Ntcheu,0,27
07/15/2020,Phalombe,1,8
07/15/2020,Rumphi,1,20
07/15/2020,Salima,0,21
07/15/2020,Thyolo,0,45
07/15/2020,Zomba,1,54
07/16/2020,Balaka,0,34
07/16/2020,Blantyre,27,720
07/16/2020,Chikwawa,0,19
07/16/2020,Chiradzulu,0,13
07/16/2020,Chitipa,2,43
07/16/2020,Dedza,0,22
07/16/2020,Dowa,3,44
07/16/2020,Karonga,3,29
07/16/2020,Kasungu,0,25
07/16/2020,Lilongwe,27,531
07/16/2020,Machinga,0,41
07/16/2020,Mangochi,3,97
07/16/2020,Mchinji,0,43
07/16/2020,Mulanje,4,22
07/16/2020,Mwanza,1,24
07/16/2020,Mwanza PoE,1,172
07/16/2020,Mzimba North,22,387
07/16/2020,Mzimba South,4,95
07/16/2020,Neno,2,28
07/16/2020,Nkhata Bay,0,80
07/16/2020,Nkhotakota,0,30
07/16/2020,Nsanje,0,31
07/16/2020,Ntcheu,2,36
07/16/2020,Phalombe,0,8
07/16/2020,Rumphi,0,20
07/16/2020,Salima,0,21
07/16/2020,Thyolo,0,45
07/16/2020,Zomba,2,56
07/17/2020,Balaka,0,34
07/17/2020,Blantyre,53,773
07/17/2020,Chikwawa,0,19
07/17/2020,Chiradzulu,0,13
07/17/2020,Chitipa,0,43
07/17/2020,Dedza,0,22
07/17/2020,Dowa,3,47
07/17/2020,Karonga,1,30
07/17/2020,Kasungu,1,26
07/17/2020,Lilongwe,16,547
07/17/2020,Machinga,1,42
07/17/2020,Mangochi,2,99
07/17/2020,Mchinji,0,43
07/17/2020,Mulanje,0,23
07/17/2020,Mwanza,0,24
07/17/2020,Mwanza PoE,0,173
07/17/2020,Mzimba North,3,390
07/17/2020,Mzimba South,0,95
07/17/2020,Neno,4,32
07/17/2020,Nkhata Bay,0,80
07/17/2020,Nkhotakota,0,30
07/17/2020,Nsanje,0,30
07/17/2020,Ntcheu,0,36
07/17/2020,Phalombe,1,9
07/17/2020,Rumphi,2,22
07/17/2020,Salima,0,21
07/17/2020,Thyolo,0,45
07/17/2020,Zomba,6,62
07/18/2020,Balaka,0,34
07/18/2020,Blantyre,35,808
07/18/2020,Chikwawa,0,19
07/18/2020,Chiradzulu,0,13
07/18/2020,Chitipa,0,43
07/18/2020,Dedza,1,23
07/18/2020,Dowa,2,49
07/18/2020,Karonga,1,31
07/18/2020,Kasungu,3,29
07/18/2020,Likoma,1,1
07/18/2020,Lilongwe,24,571
07/18/2020,Machinga,0,42
07/18/2020,Mangochi,2,101
07/18/2020,Mchinji,1,44
07/18/2020,Mulanje,1,24
07/18/2020,Mwanza,2,26
07/18/2020,Mwanza PoE,0,173
07/18/2020,Mzimba North,16,406
07/18/2020,Mzimba South,0,95
07/18/2020,Neno,1,33
07/18/2020,Nkhata Bay,5,85
07/18/2020,Nkhotakota,0,30
07/18/2020,Nsanje,0,30
07/18/2020,Ntcheu,0,36
07/18/2020,Phalombe,0,9
07/18/2020,Rumphi,0,22
07/18/2020,Salima,0,21
07/18/2020,Thyolo,0,45
07/18/2020,Zomba,2,64
07/19/2020,Balaka,2,36
07/19/2020,Blantyre,32,840
07/19/2020,Chikwawa,0,19
07/19/2020,Chiradzulu,0,13
07/19/2020,Chitipa,0,43
07/19/2020,Dedza,3,26
07/19/2020,Dowa,0,49
07/19/2020,Karonga,1,32
07/19/2020,Kasungu,2,30
07/19/2020,Likoma,0,1
07/19/2020,Lilongwe,6,577
07/19/2020,Machinga,2,44
07/19/2020,Mangochi,7,108
07/19/2020,Mchinji,0,44
07/19/2020,Mulanje,2,26
07/19/2020,Mwanza,0,26
07/19/2020,Mwanza PoE,0,173
07/19/2020,Mzimba North,9,415
07/19/2020,Mzimba South,0,95
07/19/2020,Neno,0,33
07/19/2020,Nkhata Bay,4,89
07/19/2020,Nkhotakota,2,32
07/19/2020,Nsanje,1,31
07/19/2020,Ntcheu,1,37
07/19/2020,Ntchisi,0,1
07/19/2020,Phalombe,0,9
07/19/2020,Rumphi,0,22
07/19/2020,Salima,2,23
07/19/2020,Thyolo,1,46
07/19/2020,Zomba,8,72
07/20/2020,Balaka,1,37
07/20/2020,Blantyre,24,864
07/20/2020,Chikwawa,1,20
07/20/2020,Chiradzulu,0,13
07/20/2020,Chitipa,0,43
07/20/2020,Dedza,0,26
07/20/2020,Dowa,0,49
07/20/2020,Karonga,2,34
07/20/2020,Kasungu,0,30
07/20/2020,Likoma,0,1
07/20/2020,Lilongwe,4,581
07/20/2020,Machinga,0,44
07/20/2020,Mangochi,3,111
07/20/2020,Mchinji,1,45
07/20/2020,Mulanje,0,26
07/20/2020,Mwanza,2,28
07/20/2020,Mwanza PoE,0,173
07/20/2020,Mzimba North,1,416
07/20/2020,Mzimba South,4,99
07/20/2020,Neno,4,37
07/20/2020,Nkhata Bay,1,90
07/20/2020,Nkhotakota,0,32
07/20/2020,Nsanje,0,31
07/20/2020,Ntcheu,0,37
07/20/2020,Ntchisi,0,1
07/20/2020,Phalombe,0,9
07/20/2020,Rumphi,2,24
07/20/2020,Salima,0,23
07/20/2020,Thyolo,0,46
07/20/2020,Zomba,3,75
07/21/2020,Balaka,0,37
07/21/2020,Blantyre,18,882
07/21/2020,Chikwawa,0,20
07/21/2020,Chiradzulu,1,14
07/21/2020,Chitipa,0,43
07/21/2020,Dedza,0,26
07/21/2020,Dowa,2,51
07/21/2020,Karonga,1,35
07/21/2020,Kasungu,2,32
07/21/2020,Likoma,0,1
07/21/2020,Lilongwe,61,642
07/21/2020,Machinga,0,44
07/21/2020,Mangochi,0,111
07/21/2020,Mchinji,1,46
07/21/2020,Mulanje,4,30
07/21/2020,Mwanza,0,28
07/21/2020,Mwanza PoE,0,173
07/21/2020,Mzimba North,5,421
07/21/2020,Mzimba South,0,99
07/21/2020,Neno,2,39
07/21/2020,Nkhata Bay,3,93
07/21/2020,Nkhotakota,0,32
07/21/2020,Nsanje,0,31
07/21/2020,Ntcheu,0,37
07/21/2020,Ntchisi,0,1
07/21/2020,Phalombe,0,9
07/21/2020,Rumphi,1,25
07/21/2020,Salima,0,23
07/21/2020,Thyolo,0,46
07/21/2020,Zomba,3,78
07/22/2020,Balaka,0,37
07/22/2020,Blantyre,84,966
07/22/2020,Chikwawa,0,20
07/22/2020,Chiradzulu,2,16
07/22/2020,Chitipa,1,44
07/22/2020,Dedza,0,26
07/22/2020,Dowa,6,57
07/22/2020,Karonga,0,35
07/22/2020,Kasungu,4,36
07/22/2020,Likoma,1,2
07/22/2020,Lilongwe,16,658
07/22/2020,Machinga,0,44
07/22/2020,Mangochi,0,111
07/22/2020,Mchinji,0,46
07/22/2020,Mulanje,0,30
07/22/2020,Mwanza,0,28
07/22/2020,Mwanza PoE,0,173
07/22/2020,Mzimba North,0,99
07/22/2020,Mzimba South,24,445
07/22/2020,Neno,1,40
07/22/2020,Nkhata Bay,14,107
07/22/2020,Nkhotakota,0,32
07/22/2020,Nsanje,0,31
07/22/2020,Ntcheu,0,37
07/22/2020,Ntchisi,0,1
07/22/2020,Phalombe,0,9
07/22/2020,Rumphi,0,25
07/22/2020,Salima,0,23
07/22/2020,Thyolo,0,46
07/22/2020,Zomba,0,78
07/23/2020,Balaka,1,38
07/23/2020,Blantyre,25,991
07/23/2020,Chikwawa,0,20
07/23/2020,Chiradzulu,1,17
07/23/2020,Chitipa,2,46
07/23/2020,Dedza,0,26
07/23/2020,Dowa,3,60
07/23/2020,Karonga,4,39
07/23/2020,Kasungu,1,37
07/23/2020,Likoma,0,2
07/23/2020,Lilongwe,22,680
07/23/2020,Machinga,1,45
07/23/2020,Mangochi,1,112
07/23/2020,Mchinji,1,47
07/23/2020,Mulanje,0,30
07/23/2020,Mwanza,0,28
07/23/2020,Mwanza PoE,0,173
07/23/2020,Mzimba South,1,446
07/23/2020,Mzimba South,1,100
07/23/2020,Neno,0,40
07/23/2020,Nkhata Bay,11,118
07/23/2020,Nkhotakota,0,32
07/23/2020,Nsanje,2,33
07/23/2020,Ntcheu,0,37
07/23/2020,Ntchisi,0,1
07/23/2020,Phalombe,0,9
07/23/2020,Rumphi,1,26
07/23/2020,Salima,0,23
07/23/2020,Thyolo,0,46
07/23/2020,Zomba,6,84
07/24/2020,Balaka,0,38
07/24/2020,Blantyre,28,1021
07/24/2020,Chikwawa,0,20
07/24/2020,Chiradzulu,0,17
07/24/2020,Chitipa,0,46
07/24/2020,Dedza,0,26
07/24/2020,Dowa,0,58
07/24/2020,Karonga,0,39
07/24/2020,Kasungu,1,38
07/24/2020,Likoma,0,2
07/24/2020,Lilongwe,17,697
07/24/2020,Machinga,6,51
07/24/2020,Mangochi,2,114
07/24/2020,Mchinji,2,49
07/24/2020,Mulanje,0,30
07/24/2020,Mwanza,2,30
07/24/2020,Mwanza PoE,0,173
07/24/2020,Mzimba North,0,446
07/24/2020,Mzimba South,1,101
07/24/2020,Neno,0,40
07/24/2020,Nkhata Bay,6,124
07/24/2020,Nkhotakota,1,33
07/24/2020,Nsanje,0,33
07/24/2020,Ntcheu,0,37
07/24/2020,Ntchisi,1,2
07/24/2020,Phalombe,0,9
07/24/2020,Rumphi,0,26
07/24/2020,Salima,1,24
07/24/2020,Thyolo,0,46
07/24/2020,Zomba,0,84
07/25/2020,Balaka,0,38
07/25/2020,Blantyre,39,1061
07/25/2020,Chikwawa,0,20
07/25/2020,Chiradzulu,0,17
07/25/2020,Chitipa,0,46
07/25/2020,Dedza,0,26
07/25/2020,Dowa,0,58
07/25/2020,Karonga,3,42
07/25/2020,Kasungu,1,39
07/25/2020,Likoma,0,2
07/25/2020,Lilongwe,27,724
07/25/2020,Machinga,0,51
07/25/2020,Mangochi,0,114
07/25/2020,Mchinji,0,49
07/25/2020,Mulanje,1,31
07/25/2020,Mwanza,1,30
07/25/2020,Mwanza PoE,0,173
07/25/2020,Mzimba North,14,460
07/25/2020,Mzimba South,0,101
07/25/2020,Neno,0,40
07/25/2020,Nkhata Bay,4,128
07/25/2020,Nkhotakota,1,34
07/25/2020,Nsanje,1,34
07/25/2020,Ntcheu,0,37
07/25/2020,Ntchisi,0,2
07/25/2020,Phalombe,0,9
07/25/2020,Rumphi,0,26
07/25/2020,Salima,1,25
07/25/2020,Thyolo,2,48
07/25/2020,Zomba,8,92
07/26/2020,Balaka,0,38
07/26/2020,Blantyre,34,1095
07/26/2020,Chikwawa,0,26
07/26/2020,Chiradzulu,0,17
07/26/2020,Chitipa,0,46
07/26/2020,Dedza,0,30
07/26/2020,Dowa,0,58
07/26/2020,Karonga,8,50
07/26/2020,Kasungu,1,40
07/26/2020,Likoma,0,2
07/26/2020,Lilongwe,17,742
07/26/2020,Machinga,6,57
07/26/2020,Mangochi,10,124
07/26/2020,Mchinji,0,49
07/26/2020,Mulanje,0,31
07/26/2020,Mwanza,0,20
07/26/2020,Mwanza PoE,0,173
07/26/2020,Mzimba North,5,465
07/26/2020,Mzimba South,4,105
07/26/2020,Neno,15,55
07/26/2020,Nkhata Bay,1,129
07/26/2020,Nkhotakota,0,34
07/26/2020,Nsanje,0,34
07/26/2020,Ntcheu,1,38
07/26/2020,Ntchisi,0,2
07/26/2020,Phalombe,0,9
07/26/2020,Rumphi,0,26
07/26/2020,Salima,1,25
07/26/2020,Thyolo,0,48
07/26/2020,Zomba,4,96
07/27/2020,Balaka,0,38
07/27/2020,Blantyre,7,1102
07/27/2020,Chikwawa,0,26
07/27/2020,Chiradzulu,0,17
07/27/2020,Chitipa,0,46
07/27/2020,Dedza,0,30
07/27/2020,Dowa,0,58
07/27/2020,Karonga,0,50
07/27/2020,Kasungu,0,40
07/27/2020,Likoma,0,2
07/27/2020,Lilongwe,12,754
07/27/2020,Machinga,0,57
07/27/2020,Mangochi,0,124
07/27/2020,Mchinji,0,49
07/27/2020,Mulanje,0,31
07/27/2020,Mwanza,0,20
07/27/2020,Mwanza PoE,0,173
07/27/2020,Mzimba North,6,471
07/27/2020,Mzimba South,0,105
07/27/2020,Neno,8,63
07/27/2020,Nkhata Bay,4,133
07/27/2020,Nkhotakota,0,34
07/27/2020,Nsanje,0,34
07/27/2020,Ntcheu,0,38
07/27/2020,Ntchisi,0,2
07/27/2020,Phalombe,0,9
07/27/2020,Rumphi,1,27
07/27/2020,Salima,7,32
07/27/2020,Thyolo,0,48
07/27/2020,Zomba,0,96
07/28/2020,Balaka,0,38
07/28/2020,Blantyre,15,1119
07/28/2020,Chikwawa,0,26
07/28/2020,Chiradzulu,0,17
07/28/2020,Chitipa,2,48
07/28/2020,Dedza,0,31
07/28/2020,Dowa,0,58
07/28/2020,Karonga,1,51
07/28/2020,Kasungu,0,40
07/28/2020,Likoma,0,2
07/28/2020,Lilongwe,6,760
07/28/2020,Machinga,0,58
07/28/2020,Mangochi,0,125
07/28/2020,Mchinji,0,49
07/28/2020,Mulanje,0,32
07/28/2020,Mwanza,1,22
07/28/2020,Mwanza PoE,0,173
07/28/2020,Mzimba ,0,105
07/28/2020,Mzimba North,1,472
07/28/2020,Neno,1,56
07/28/2020,Nkhata Bay,2,135
07/28/2020,Nkhotakota,0,34
07/28/2020,Nsanje,0,34
07/28/2020,Ntcheu,0,39
07/28/2020,Ntchisi,0,2
07/28/2020,Phalombe,0,9
07/28/2020,Rumphi,0,27
07/28/2020,Salima,0,32
07/28/2020,Thyolo,0,48
07/28/2020,Zomba,0,96
07/29/2020,Balaka,0,38
07/29/2020,Blantyre,43,1162
07/29/2020,Chikwawa,0,26
07/29/2020,Chiradzulu,0,17
07/29/2020,Chitipa,1,49
07/29/2020,Dedza,0,31
07/29/2020,Dowa,1,59
07/29/2020,Karonga,6,57
07/29/2020,Kasungu,2,42
07/29/2020,Likoma,0,2
07/29/2020,Lilongwe,31,791
07/29/2020,Machinga,0,58
07/29/2020,Mangochi,0,125
07/29/2020,Mchinji,0,49
07/29/2020,Mulanje,0,32
07/29/2020,Mwanza,0,22
07/29/2020,Mwanza PoE,19,192
07/29/2020,Mzimba North,6,478
07/29/2020,Mzimba South,2,107
07/29/2020,Neno,0,56
07/29/2020,Nkhata Bay,1,136
07/29/2020,Nkhotakota,2,36
07/29/2020,Nsanje,0,34
07/29/2020,Ntcheu,2,41
07/29/2020,Ntchisi,0,2
07/29/2020,Phalombe,0,9
07/29/2020,Rumphi,0,27
07/29/2020,Salima,2,32
07/29/2020,Thyolo,2,50
07/29/2020,Zomba,0,96
07/30/2020,Balaka,1,39
07/30/2020,Blantyre,16,1180
07/30/2020,Chikwawa,0,26
07/30/2020,Chiradzulu,1,18
07/30/2020,Chitipa,0,49
07/30/2020,Dedza,1,32
07/30/2020,Dowa,0,59
07/30/2020,Karonga,12,69
07/30/2020,Kasungu,0,42
07/30/2020,Likoma,1,3
07/30/2020,Lilongwe,59,850
07/30/2020,Machinga,0,58
07/30/2020,Mangochi,1,126
07/30/2020,Mchinji,1,50
07/30/2020,Mulanje,0,32
07/30/2020,Mwanza,0,22
07/30/2020,Mwanza PoE,0,192
07/30/2020,Mzimba North,3,481
07/30/2020,Mzimba South,1,108
07/30/2020,Neno,0,56
07/30/2020,Nkhata Bay,3,139
07/30/2020,Nkhotakota,0,36
07/30/2020,Nsanje,0,34
07/30/2020,Ntcheu,1,42
07/30/2020,Ntchisi,0,2
07/30/2020,Phalombe,0,9
07/30/2020,Rumphi,2,29
07/30/2020,Salima,4,36
07/30/2020,Thyolo,0,50
07/30/2020,Zomba,16,112
07/31/2020,Balaka,0,39
07/31/2020,Blantyre,47,1227
07/31/2020,Chikwawa,0,26
07/31/2020,Chiradzulu,1,19
07/31/2020,Chitipa,0,49
07/31/2020,Dedza,0,32
07/31/2020,Dowa,0,59
07/31/2020,Karonga,0,69
07/31/2020,Kasungu,1,43
07/31/2020,Likoma,0,3
07/31/2020,Lilongwe,25,875
07/31/2020,Machinga,0,58
07/31/2020,Mangochi,0,126
07/31/2020,Mchinji,0,50
07/31/2020,Mulanje,0,32
07/31/2020,Mwanza,0,22
07/31/2020,Mwanza PoE,10,202
07/31/2020,Mzimba North,2,483
07/31/2020,Mzimba South,4,112
07/31/2020,Neno,1,57
07/31/2020,Nkhata Bay,0,139
07/31/2020,Nkhotakota,1,37
07/31/2020,Nsanje,1,35
07/31/2020,Ntcheu,0,42
07/31/2020,Ntchisi,0,2
07/31/2020,Phalombe,0,9
07/31/2020,Rumphi,0,29
07/31/2020,Salima,1,37
07/31/2020,Thyolo,0,50
07/31/2020,Zomba,3,115
08/01/2020,Balaka,1,40
08/01/2020,Blantyre,60,1287
08/01/2020,Chikwawa,0,28
08/01/2020,Chiradzulu,1,20
08/01/2020,Chitipa,1,50
08/01/2020,Dedza,0,32
08/01/2020,Dowa,1,60
08/01/2020,Karonga,0,69
08/01/2020,Kasungu,0,43
08/01/2020,Likoma,1,4
08/01/2020,Lilongwe,22,897
08/01/2020,Machinga,0,58
08/01/2020,Mangochi,1,127
08/01/2020,Mchinji,0,50
08/01/2020,Mulanje,0,32
08/01/2020,Mwanza,0,22
08/01/2020,Mwanza PoE,0,202
08/01/2020,Mzimba North,1,484
08/01/2020,Mzimba South,0,112
08/01/2020,Neno,0,57
08/01/2020,Nkhata Bay,14,153
08/01/2020,Nkhotakota,0,35
08/01/2020,Nsanje,0,35
08/01/2020,Ntcheu,0,42
08/01/2020,Ntchisi,0,2
08/01/2020,Phalombe,0,9
08/01/2020,Rumphi,0,29
08/01/2020,Salima,0,37
08/01/2020,Thyolo,0,50
08/01/2020,Zomba,5,120
08/02/2020,Balaka,0,40
08/02/2020,Blantyre,19,1306
08/02/2020,Chikwawa,2,30
08/02/2020,Chiradzulu,0,20
08/02/2020,Chitipa,0,50
08/02/2020,Dedza,0,32
08/02/2020,Dowa,0,60
08/02/2020,Karonga,0,69
08/02/2020,Kasungu,0,43
08/02/2020,Likoma,0,4
08/02/2020,Lilongwe,16,913
08/02/2020,Machinga,0,58
08/02/2020,Mangochi,1,128
08/02/2020,Mchinji,0,50
08/02/2020,Mulanje,2,34
08/02/2020,Mwanza,0,22
08/02/2020,Mwanza PoE,0,202
08/02/2020,Mzimba North,1,485
08/02/2020,Mzimba South,2,114
08/02/2020,Neno,0,57
08/02/2020,Nkhata Bay,0,153
08/02/2020,Nkhotakota,0,35
08/02/2020,Nsanje,0,35
08/02/2020,Ntcheu,0,42
08/02/2020,Ntchisi,0,2
08/02/2020,Phalombe,0,9
08/02/2020,Rumphi,0,29
08/02/2020,Salima,0,37
08/02/2020,Thyolo,0,50
08/02/2020,Zomba,2,122
08/03/2020,Balaka,1,41
08/03/2020,Blantyre,12,1318
08/03/2020,Chikwawa,0,30
08/03/2020,Chiradzulu,0,20
08/03/2020,Chitipa,0,50
08/03/2020,Dedza,1,33
08/03/2020,Dowa,0,60
08/03/2020,Karonga,0,69
08/03/2020,Kasungu,0,43
08/03/2020,Likoma,0,4
08/03/2020,Lilongwe,8,921
08/03/2020,Machinga,5,63
08/03/2020,Mangochi,4,132
08/03/2020,Mchinji,1,51
08/03/2020,Mulanje,0,34
08/03/2020,Mwanza,0,22
08/03/2020,Mwanza PoE,0,202
08/03/2020,Mzimba North,1,486
08/03/2020,Mzimba South,1,115
08/03/2020,Neno,2,59
08/03/2020,Nkhata Bay,0,153
08/03/2020,Nkhotakota,0,35
08/03/2020,Nsanje,1,36
08/03/2020,Ntcheu,0,42
08/03/2020,Ntchisi,0,2
08/03/2020,Phalombe,0,9
08/03/2020,Rumphi,1,30
08/03/2020,Salima,2,39
08/03/2020,Thyolo,1,51
08/03/2020,Zomba,1,123
08/04/2020,Balaka,0,41
08/04/2020,Blantyre,3,1321
08/04/2020,Chikwawa,0,30
08/04/2020,Chiradzulu,0,20
08/04/2020,Chitipa,0,50
08/04/2020,Dedza,0,33
08/04/2020,Dowa,0,60
08/04/2020,Karonga,1,70
08/04/2020,Kasungu,0,43
08/04/2020,Likoma,0,4
08/04/2020,Lilongwe,53,974
08/04/2020,Machinga,0,63
08/04/2020,Mangochi,0,132
08/04/2020,Mchinji,0,51
08/04/2020,Mulanje,0,34
08/04/2020,Mwanza,1,23
08/04/2020,Mwanza PoE,0,202
08/04/2020,Mzimba North,9,495
08/04/2020,Mzimba South,5,120
08/04/2020,Neno,0,59
08/04/2020,Nkhata Bay,11,164
08/04/2020,Nkhotakota,0,35
08/04/2020,Nsanje,0,36
08/04/2020,Ntcheu,0,42
08/04/2020,Ntchisi,0,2
08/04/2020,Phalombe,0,9
08/04/2020,Rumphi,0,30
08/04/2020,Salima,5,44
08/04/2020,Thyolo,0,51
08/04/2020,Zomba,0,123
08/05/2020,Balaka,0,41
08/05/2020,Blantyre,32,1353
08/05/2020,Chikwawa,5,35
08/05/2020,Chiradzulu,0,20
08/05/2020,Chitipa,2,52
08/05/2020,Dedza,0,33
08/05/2020,Dowa,0,60
08/05/2020,Karonga,1,71
08/05/2020,Kasungu,0,43
08/05/2020,Likoma,1,5
08/05/2020,Lilongwe,22,996
08/05/2020,Machinga,0,63
08/05/2020,Mangochi,0,132
08/05/2020,Mchinji,0,51
08/05/2020,Mulanje,0,34
08/05/2020,Mwanza,0,23
08/05/2020,Mwanza PoE,0,202
08/05/2020,Mzimba North,0,495
08/05/2020,Mzimba South,0,120
08/05/2020,Neno,0,59
08/05/2020,Nkhata Bay,0,164
08/05/2020,Nkhotakota,0,35
08/05/2020,Nsanje,0,36
08/05/2020,Ntcheu,0,42
08/05/2020,Ntchisi,0,2
08/05/2020,Phalombe,1,10
08/05/2020,Rumphi,0,30
08/05/2020,Salima,0,44
08/05/2020,Thyolo,0,51
08/05/2020,Zomba,1,124
08/06/2020,Balaka,1,42
08/06/2020,Blantyre,19,1372
08/06/2020,Chikwawa,0,35
08/06/2020,Chiradzulu,2,22
08/06/2020,Chitipa,0,52
08/06/2020,Dedza,1,34
08/06/2020,Dowa,3,63
08/06/2020,Karonga,1,72
08/06/2020,Kasungu,0,43
08/06/2020,Likoma,0,5
08/06/2020,Lilongwe,24,1020
08/06/2020,Machinga,0,63
08/06/2020,Mangochi,1,133
08/06/2020,Mchinji,0,51
08/06/2020,Mulanje,0,34
08/06/2020,Mwanza,1,24
08/06/2020,Mwanza PoE,0,202
08/06/2020,Mzimba North,2,497
08/06/2020,Mzimba South,4,124
08/06/2020,Neno,1,60
08/06/2020,Nkhata Bay,0,164
08/06/2020,Nkhotakota,4,39
08/06/2020,Nsanje,1,37
08/06/2020,Ntcheu,0,42
08/06/2020,Ntchisi,0,2
08/06/2020,Phalombe,0,10
08/06/2020,Rumphi,0,30
08/06/2020,Salima,0,44
08/06/2020,Thyolo,0,51
08/06/2020,Zomba,0,124
08/07/2020,Balaka,0,42
08/07/2020,Blantyre,36,1408
08/07/2020,Chikwawa,3,38
08/07/2020,Chiradzulu,1,23
08/07/2020,Chitipa,0,52
08/07/2020,Dedza,0,34
08/07/2020,Dowa,0,63
08/07/2020,Karonga,0,72
08/07/2020,Kasungu,0,43
08/07/2020,Likoma,0,5
08/07/2020,Lilongwe,21,1041
08/07/2020,Machinga,0,63
08/07/2020,Mangochi,0,133
08/07/2020,Mchinji,0,51
08/07/2020,Mulanje,1,35
08/07/2020,Mwanza,1,25
08/07/2020,Mwanza PoE,0,202
08/07/2020,Mzimba ,0,124
08/07/2020,Mzimba North,8,505
08/07/2020,Neno,0,60
08/07/2020,Nkhata Bay,4,168
08/07/2020,Nkhotakota,1,40
08/07/2020,Nsanje,0,37
08/07/2020,Ntcheu,0,42
08/07/2020,Ntchisi,0,2
08/07/2020,Phalombe,0,10
08/07/2020,Rumphi,0,30
08/07/2020,Salima,0,44
08/07/2020,Thyolo,0,51
08/07/2020,Zomba,8,132
08/08/2020,Balaka,0,42
08/08/2020,Blantyre,18,1426
08/08/2020,Chikwawa,1,39
08/08/2020,Chiradzulu,0,23
08/08/2020,Chitipa,0,52
08/08/2020,Dedza,0,34
08/08/2020,Dowa,2,65
08/08/2020,Karonga,0,72
08/08/2020,Kasungu,0,43
08/08/2020,Likoma,0,5
08/08/2020,Lilongwe,13,1054
08/08/2020,Machinga,2,65
08/08/2020,Mangochi,0,133
08/08/2020,Mchinji,0,51
08/08/2020,Mulanje,0,35
08/08/2020,Mwanza,0,25
08/08/2020,Mwanza PoE,0,202
08/08/2020,Mzimba North,3,508
08/08/2020,Mzimba South,0,124
08/08/2020,Neno,0,60
08/08/2020,Nkhata Bay,0,168
08/08/2020,Nkhotakota,0,40
08/08/2020,Nsanje,0,37
08/08/2020,Ntcheu,0,42
08/08/2020,Ntchisi,0,2
08/08/2020,Phalombe,0,10
08/08/2020,Rumphi,0,30
08/08/2020,Salima,0,44
08/08/2020,Thyolo,5,56
08/08/2020,Zomba,5,137
08/09/2020,Balaka,0,42
08/09/2020,Blantyre,18,1444
08/09/2020,Chikwawa,0,39
08/09/2020,Chiradzulu,0,23
08/09/2020,Chitipa,0,52
08/09/2020,Dedza,0,34
08/09/2020,Dowa,0,65
08/09/2020,Karonga,1,73
08/09/2020,Kasungu,2,45
08/09/2020,Likoma,0,5
08/09/2020,Lilongwe,6,1060
08/09/2020,Machinga,0,65
08/09/2020,Mangochi,0,133
08/09/2020,Mchinji,0,51
08/09/2020,Mulanje,0,35
08/09/2020,Mwanza,0,25
08/09/2020,Mwanza PoE,0,202
08/09/2020,Mzimba ,0,124
08/09/2020,Mzimba North,3,511
08/09/2020,Neno,0,60
08/09/2020,Nkhata Bay,1,169
08/09/2020,Nkhotakota,3,43
08/09/2020,Nsanje,0,37
08/09/2020,Ntcheu,0,42
08/09/2020,Ntchisi,0,2
08/09/2020,Phalombe,0,10
08/09/2020,Rumphi,0,30
08/09/2020,Salima,0,44
08/09/2020,Thyolo,0,56
08/09/2020,Zomba,0,137
08/10/2020,Balaka,0,42
08/10/2020,Blantyre,4,1448
08/10/2020,Chikwawa,2,41
08/10/2020,Chiradzulu,1,24
08/10/2020,Chitipa,0,52
08/10/2020,Dedza,0,34
08/10/2020,Dowa,1,66
08/10/2020,Karonga,0,73
08/10/2020,Kasungu,1,46
08/10/2020,Likoma,0,5
08/10/2020,Lilongwe,4,1064
08/10/2020,Machinga,0,65
08/10/2020,Mangochi,0,133
08/10/2020,Mchinji,1,52
08/10/2020,Mulanje,0,35
08/10/2020,Mwanza,0,25
08/10/2020,Mwanza PoE,0,202
08/10/2020,Mzimba ,1,125
08/10/2020,Mzimba North,1,512
08/10/2020,Neno,0,60
08/10/2020,Nkhata Bay,0,169
08/10/2020,Nkhotakota,0,43
08/10/2020,Nsanje,0,37
08/10/2020,Ntcheu,0,42
08/10/2020,Ntchisi,0,2
08/10/2020,Phalombe,0,10
08/10/2020,Rumphi,0,30
08/10/2020,Salima,0,44
08/10/2020,Thyolo,0,56
08/10/2020,Zomba,0,137
08/11/2020,Balaka,0,42
08/11/2020,Blantyre,14,1462
08/11/2020,Chikwawa,0,41
08/11/2020,Chiradzulu,0,24
08/11/2020,Chitipa,0,52
08/11/2020,Dedza,0,34
08/11/2020,Dowa,0,66
08/11/2020,Karonga,2,75
08/11/2020,Kasungu,0,46
08/11/2020,Likoma,0,4
08/11/2020,Lilongwe,21,1086
08/11/2020,Machinga,0,65
08/11/2020,Mangochi,0,133
08/11/2020,Mchinji,0,52
08/11/2020,Mulanje,0,35
08/11/2020,Mwanza,0,25
08/11/2020,Mwanza PoE,1,203
08/11/2020,Mzimba ,1,126
08/11/2020,Mzimba North,0,512
08/11/2020,Neno,0,60
08/11/2020,Nkhata Bay,1,170
08/11/2020,Nkhotakota,0,43
08/11/2020,Nsanje,0,37
08/11/2020,Ntcheu,0,42
08/11/2020,Ntchisi,0,2
08/11/2020,Phalombe,0,10
08/11/2020,Rumphi,0,30
08/11/2020,Salima,0,44
08/11/2020,Thyolo,0,56
08/11/2020,Zomba,0,137
08/12/2020,Balaka,0,42
08/12/2020,Blantyre,7,1469
08/12/2020,Chikwawa,1,42
08/12/2020,Chiradzulu,0,28
08/12/2020,Chitipa,0,52
08/12/2020,Dedza,0,34
08/12/2020,Dowa,2,67
08/12/2020,Karonga,0,75
08/12/2020,Kasungu,0,46
08/12/2020,Likoma,0,5
08/12/2020,Lilongwe,9,1094
08/12/2020,Machinga,0,65
08/12/2020,Mangochi,0,133
08/12/2020,Mchinji,2,54
08/12/2020,Mulanje,2,37
08/12/2020,Mwanza,0,25
08/12/2020,Mwanza PoE,11,214
08/12/2020,Mzimba ,0,126
08/12/2020,Mzimba North,2,514
08/12/2020,Neno,0,58
08/12/2020,Nkhata Bay,0,170
08/12/2020,Nkhotakota,0,43
08/12/2020,Nsanje,0,34
08/12/2020,Ntcheu,0,42
08/12/2020,Ntchisi,0,2
08/12/2020,Phalombe,0,11
08/12/2020,Rumphi,0,30
08/12/2020,Salima,0,44
08/12/2020,Thyolo,0,57
08/12/2020,Zomba,2,139
08/13/2020,Balaka,2,44
08/13/2020,Blantyre,84,1560
08/13/2020,Chikwawa,1,43
08/13/2020,Chiradzulu,2,30
08/13/2020,Chitipa,0,52
08/13/2020,Dedza,5,39
08/13/2020,Dowa,0,67
08/13/2020,Karonga,0,75
08/13/2020,Kasungu,0,46
08/13/2020,Likoma,0,5
08/13/2020,Lilongwe,29,1123
08/13/2020,Machinga,4,69
08/13/2020,Mangochi,3,136
08/13/2020,Mchinji,1,55
08/13/2020,Mulanje,2,39
08/13/2020,Mwanza,0,26
08/13/2020,Mwanza PoE,3,208
08/13/2020,Mzimba North,3,517
08/13/2020,Mzimba South,2,128
08/13/2020,Neno,0,58
08/13/2020,Nkhata Bay,3,173
08/13/2020,Nkhotakota,4,48
08/13/2020,Nsanje,0,34
08/13/2020,Ntcheu,0,42
08/13/2020,Ntchisi,0,2
08/13/2020,Phalombe,0,11
08/13/2020,Rumphi,2,32
08/13/2020,Salima,2,46
08/13/2020,Thyolo,1,58
08/13/2020,Zomba,7,146
08/14/2020,Balaka,1,44
08/14/2020,Blantyre,52,1615
08/14/2020,Chikwawa,1,44
08/14/2020,Chiradzulu,2,33
08/14/2020,Chitipa,0,52
08/14/2020,Dedza,0,39
08/14/2020,Dowa,0,67
08/14/2020,Karonga,0,75
08/14/2020,Kasungu,0,46
08/14/2020,Likoma,0,5
08/14/2020,Lilongwe,10,1133
08/14/2020,Machinga,0,66
08/14/2020,Mangochi,1,140
08/14/2020,Mchinji,0,55
08/14/2020,Mulanje,1,40
08/14/2020,Mwanza,2,28
08/14/2020,Mwanza PoE,0,205
08/14/2020,Mzimba North,1,518
08/14/2020,Mzimba South,1,129
08/14/2020,Neno,0,58
08/14/2020,Nkhata Bay,0,173
08/14/2020,Nkhotakota,0,48
08/14/2020,Nsanje,0,34
08/14/2020,Ntcheu,0,42
08/14/2020,Ntchisi,0,2
08/14/2020,Phalombe,0,11
08/14/2020,Rumphi,0,32
08/14/2020,Salima,0,46
08/14/2020,Thyolo,0,58
08/14/2020,Zomba,4,150
08/15/2020,Balaka,0,44
08/15/2020,Blantyre,9,1625
08/15/2020,Chikwawa,0,43
08/15/2020,Chiradzulu,2,35
08/15/2020,Chitipa,0,52
08/15/2020,Dedza,0,39
08/15/2020,Dowa,0,67
08/15/2020,Karonga,1,76
08/15/2020,Kasungu,0,46
08/15/2020,Likoma,0,5
08/15/2020,Lilongwe,6,1139
08/15/2020,Machinga,0,66
08/15/2020,Mangochi,0,140
08/15/2020,Mchinji,0,55
08/15/2020,Mulanje,0,40
08/15/2020,Mwanza,0,28
08/15/2020,Mwanza PoE,0,205
08/15/2020,Mzimba ,0,129
08/15/2020,Mzimba North,2,520
08/15/2020,Neno,0,58
08/15/2020,Nkhata Bay,9,182
08/15/2020,Nkhotakota,9,57
08/15/2020,Nsanje,0,34
08/15/2020,Ntcheu,0,42
08/15/2020,Ntchisi,0,2
08/15/2020,Phalombe,0,11
08/15/2020,Rumphi,0,32
08/15/2020,Salima,0,46
08/15/2020,Thyolo,0,58
08/15/2020,Zomba,0,150
08/16/2020,Balaka,0,44
08/16/2020,Blantyre,46,1671
08/16/2020,Chikwawa,0,43
08/16/2020,Chiradzulu,0,35
08/16/2020,Chitipa,0,52
08/16/2020,Dedza,0,39
08/16/2020,Dowa,0,67
08/16/2020,Karonga,0,76
08/16/2020,Kasungu,0,46
08/16/2020,Likoma,0,5
08/16/2020,Lilongwe,0,1139
08/16/2020,Machinga,0,66
08/16/2020,Mangochi,0,140
08/16/2020,Mchinji,0,55
08/16/2020,Mulanje,0,40
08/16/2020,Mwanza,0,28
08/16/2020,Mwanza PoE,0,205
08/16/2020,Mzimba North,0,520
08/16/2020,Mzimba South,0,129
08/16/2020,Neno,0,58
08/16/2020,Nkhata Bay,0,182
08/16/2020,Nkhotakota,0,57
08/16/2020,Nsanje,0,34
08/16/2020,Ntcheu,0,42
08/16/2020,Ntchisi,0,2
08/16/2020,Phalombe,0,11
08/16/2020,Rumphi,0,32
08/16/2020,Salima,0,46
08/16/2020,Thyolo,0,58
08/16/2020,Zomba,0,150
08/18/2020,Balaka,0,45
08/18/2020,Blantyre,26,1716
08/18/2020,Chikwawa,0,43
08/18/2020,Chiradzulu,0,35
08/18/2020,Chitipa,11,63
08/18/2020,Dedza,1,49
08/18/2020,Dowa,1,68
08/18/2020,Karonga,0,77
08/18/2020,Kasungu,0,46
08/18/2020,Likoma,0,5
08/18/2020,Lilongwe,26,1166
08/18/2020,Machinga,0,68
08/18/2020,Mangochi,0,142
08/18/2020,Mchinji,2,58
08/18/2020,Mulanje,0,40
08/18/2020,Mwanza,0,28
08/18/2020,Mwanza PoE,0,205
08/18/2020,Mzimba North,0,524
08/18/2020,Mzimba South,0,131
08/18/2020,Neno,0,58
08/18/2020,Nkhata Bay,0,187
08/18/2020,Nkhotakota,0,62
08/18/2020,Nsanje,0,34
08/18/2020,Ntcheu,0,42
08/18/2020,Ntchisi,1,3
08/18/2020,Phalombe,0,11
08/18/2020,Rumphi,0,32
08/18/2020,Salima,0,47
08/18/2020,Thyolo,0,58
08/18/2020,Zomba,0,150
08/19/2020,Balaka,0,45
08/19/2020,Blantyre,23,1739
08/19/2020,Chikwawa,0,43
08/19/2020,Chiradzulu,0,35
08/19/2020,Chitipa,0,63
08/19/2020,Dedza,0,49
08/19/2020,Dowa,0,68
08/19/2020,Karonga,2,79
08/19/2020,Kasungu,0,46
08/19/2020,Likoma,0,5
08/19/2020,Lilongwe,6,1172
08/19/2020,Machinga,0,68
08/19/2020,Mangochi,0,142
08/19/2020,Mchinji,0,58
08/19/2020,Mulanje,0,40
08/19/2020,Mwanza,0,28
08/19/2020,Mwanza PoE,0,205
08/19/2020,Mzimba North,14,538
08/19/2020,Mzimba South,0,131
08/19/2020,Neno,0,58
08/19/2020,Nkhata Bay,2,189
08/19/2020,Nkhotakota,0,62
08/19/2020,Nsanje,0,34
08/19/2020,Ntcheu,0,42
08/19/2020,Ntchisi,0,3
08/19/2020,Phalombe,0,11
08/19/2020,Rumphi,0,32
08/19/2020,Salima,0,47
08/19/2020,Thyolo,0,58
08/19/2020,Zomba,0,150
08/20/2020,Balaka,0,45
08/20/2020,Blantyre,7,1746
08/20/2020,Chikwawa,0,43
08/20/2020,Chiradzulu,0,35
08/20/2020,Chitipa,0,63
08/20/2020,Dedza,0,49
08/20/2020,Dowa,1,69
08/20/2020,Karonga,0,79
08/20/2020,Kasungu,0,46
08/20/2020,Likoma,0,5
08/20/2020,Lilongwe,24,1196
08/20/2020,Machinga,0,68
08/20/2020,Mangochi,0,142
08/20/2020,Mchinji,1,59
08/20/2020,Mulanje,0,40
08/20/2020,Mwanza,0,28
08/20/2020,Mwanza PoE,0,205
08/20/2020,Mzimba North,3,541
08/20/2020,Mzimba South,4,135
08/20/2020,Neno,0,58
08/20/2020,Nkhata Bay,0,189
08/20/2020,Nkhotakota,0,62
08/20/2020,Nsanje,0,34
08/20/2020,Ntcheu,1,43
08/20/2020,Ntchisi,0,3
08/20/2020,Phalombe,0,11
08/20/2020,Rumphi,0,32
08/20/2020,Salima,0,47
08/20/2020,Thyolo,1,59
08/20/2020,Zomba,0,150
08/21/2020,Balaka,1,46
08/21/2020,Blantyre,22,1768
08/21/2020,Chikwawa,0,43
08/21/2020,Chiradzulu,0,35
08/21/2020,Chitipa,0,63
08/21/2020,Dedza,1,50
08/21/2020,Dowa,0,69
08/21/2020,Karonga,0,79
08/21/2020,Kasungu,1,47
08/21/2020,Likoma,0,5
08/21/2020,Lilongwe,11,1207
08/21/2020,Machinga,0,68
08/21/2020,Mangochi,0,142
08/21/2020,Mchinji,0,59
08/21/2020,Mulanje,0,40
08/21/2020,Mwanza,0,28
08/21/2020,Mwanza PoE,0,205
08/21/2020,Mzimba North,0,541
08/21/2020,Mzimba South,1,136
08/21/2020,Neno,0,58
08/21/2020,Nkhata Bay,0,189
08/21/2020,Nkhotakota,3,65
08/21/2020,Nsanje,0,34
08/21/2020,Ntcheu,0,43
08/21/2020,Ntchisi,0,3
08/21/2020,Phalombe,0,11
08/21/2020,Rumphi,0,32
08/21/2020,Salima,0,47
08/21/2020,Thyolo,0,59
08/21/2020,Zomba,0,150
08/22/2020,Balaka,1,47
08/22/2020,Blantyre,27,1795
08/22/2020,Chikwawa,0,43
08/22/2020,Chiradzulu,2,38
08/22/2020,Chitipa,0,63
08/22/2020,Dedza,0,50
08/22/2020,Dowa,0,69
08/22/2020,Karonga,0,79
08/22/2020,Kasungu,0,47
08/22/2020,Likoma,0,4
08/22/2020,Lilongwe,0,1207
08/22/2020,Machinga,0,68
08/22/2020,Mangochi,0,142
08/22/2020,Mchinji,0,59
08/22/2020,Mulanje,0,40
08/22/2020,Mwanza,0,28
08/22/2020,Mwanza PoE,0,205
08/22/2020,Mzimba North,0,541
08/22/2020,Mzimba South,15,151
08/22/2020,Neno,0,58
08/22/2020,Nkhata Bay,2,191
08/22/2020,Nkhotakota,13,78
08/22/2020,Nsanje,0,34
08/22/2020,Ntcheu,0,43
08/22/2020,Ntchisi,0,3
08/22/2020,Phalombe,0,11
08/22/2020,Rumphi,0,32
08/22/2020,Salima,0,47
08/22/2020,Thyolo,0,59
08/22/2020,Zomba,0,150
08/23/2020,Balaka,0,46
08/23/2020,Blantyre,14,1809
08/23/2020,Chikwawa,1,44
08/23/2020,Chiradzulu,1,39
08/23/2020,Chitipa,0,63
08/23/2020,Dedza,0,50
08/23/2020,Dowa,2,71
08/23/2020,Karonga,0,79
08/23/2020,Kasungu,1,48
08/23/2020,Likoma,0,4
08/23/2020,Lilongwe,13,1220
08/23/2020,Machinga,0,69
08/23/2020,Mangochi,0,142
08/23/2020,Mchinji,0,59
08/23/2020,Mulanje,0,40
08/23/2020,Mwanza,0,28
08/23/2020,Mwanza PoE,0,205
08/23/2020,Mzimba North,0,541
08/23/2020,Mzimba South,0,151
08/23/2020,Neno,0,58
08/23/2020,Nkhata Bay,0,191
08/23/2020,Nkhotakota,0,78
08/23/2020,Nsanje,0,34
08/23/2020,Ntcheu,0,43
08/23/2020,Ntchisi,0,3
08/23/2020,Phalombe,0,11
08/23/2020,Rumphi,0,32
08/23/2020,Salima,0,47
08/23/2020,Thyolo,0,59
08/23/2020,Zomba,0,150
08/24/2020,Balaka,0,47
08/24/2020,Blantyre,4,1813
08/24/2020,Chikwawa,0,44
08/24/2020,Chiradzulu,0,39
08/24/2020,Chitipa,0,63
08/24/2020,Dedza,0,50
08/24/2020,Dowa,0,71
08/24/2020,Karonga,0,79
08/24/2020,Kasungu,0,48
08/24/2020,Likoma,0,4
08/24/2020,Lilongwe,1,1221
08/24/2020,Machinga,0,68
08/24/2020,Mangochi,0,142
08/24/2020,Mchinji,0,59
08/24/2020,Mulanje,0,40
08/24/2020,Mwanza,0,28
08/24/2020,Mwanza PoE,0,205
08/24/2020,Mzimba North,0,541
08/24/2020,Mzimba South,0,151
08/24/2020,Neno,0,58
08/24/2020,Nkhata Bay,0,191
08/24/2020,Nkhotakota,0,78
08/24/2020,Nsanje,0,34
08/24/2020,Ntcheu,0,43
08/24/2020,Ntchisi,0,3
08/24/2020,Phalombe,0,11
08/24/2020,Rumphi,0,32
08/24/2020,Salima,0,47
08/24/2020,Thyolo,0,59
08/24/2020,Zomba,0,150
08/25/2020,Balaka,0,47
08/25/2020,Blantyre,0,1813
08/25/2020,Chikwawa,0,44
08/25/2020,Chiradzulu,0,39
08/25/2020,Chitipa,0,63
08/25/2020,Dedza,0,50
08/25/2020,Dowa,0,71
08/25/2020,Karonga,0,79
08/25/2020,Kasungu,0,48
08/25/2020,Likoma,0,4
08/25/2020,Lilongwe,2,1223
08/25/2020,Machinga,0,68
08/25/2020,Mangochi,0,142
08/25/2020,Mchinji,2,61
08/25/2020,Mulanje,0,40
08/25/2020,Mwanza,0,28
08/25/2020,Mwanza PoE,0,205
08/25/2020,Mzimba ,0,151
08/25/2020,Mzimba North,0,541
08/25/2020,Neno,0,58
08/25/2020,Nkhata Bay,0,191
08/25/2020,Nkhotakota,0,78
08/25/2020,Nsanje,0,34
08/25/2020,Ntcheu,0,43
08/25/2020,Ntchisi,0,3
08/25/2020,Phalombe,0,11
08/25/2020,Rumphi,0,32
08/25/2020,Salima,0,47
08/25/2020,Thyolo,0,59
08/25/2020,Zomba,0,150
08/26/2020,Balaka,0,47
08/26/2020,Blantyre,21,1834
08/26/2020,Chikwawa,0,44
08/26/2020,Chiradzulu,0,39
08/26/2020,Chitipa,0,63
08/26/2020,Dedza,0,50
08/26/2020,Dowa,4,75
08/26/2020,Karonga,2,81
08/26/2020,Kasungu,0,48
08/26/2020,Likoma,0,4
08/26/2020,Lilongwe,23,1246
08/26/2020,Machinga,0,68
08/26/2020,Mangochi,1,143
08/26/2020,Mchinji,0,61
08/26/2020,Mulanje,0,40
08/26/2020,Mwanza,0,28
08/26/2020,Mwanza PoE,0,204
08/26/2020,Mzimba North,0,541
08/26/2020,Mzimba South,0,151
08/26/2020,Neno,0,58
08/26/2020,Nkhata Bay,0,191
08/26/2020,Nkhotakota,0,78
08/26/2020,Nsanje,0,34
08/26/2020,Ntcheu,0,43
08/26/2020,Ntchisi,0,4
08/26/2020,Phalombe,0,11
08/26/2020,Rumphi,0,32
08/26/2020,Salima,0,47
08/26/2020,Thyolo,0,59
08/26/2020,Zomba,0,150
08/27/2020,Balaka,0,47
08/27/2020,Blantyre,7,1840
08/27/2020,Chikwawa,0,44
08/27/2020,Chiradzulu,0,39
08/27/2020,Chitipa,1,64
08/27/2020,Dedza,0,50
08/27/2020,Dowa,0,75
08/27/2020,Karonga,1,82
08/27/2020,Kasungu,0,48
08/27/2020,Likoma,0,4
08/27/2020,Lilongwe,2,1248
08/27/2020,Machinga,0,68
08/27/2020,Mangochi,0,143
08/27/2020,Mchinji,2,63
08/27/2020,Mulanje,0,40
08/27/2020,Mwanza,0,28
08/27/2020,Mwanza PoE,0,204
08/27/2020,Mzimba ,0,151
08/27/2020,Mzimba North,6,547
08/27/2020,Neno,0,58
08/27/2020,Nkhata Bay,0,191
08/27/2020,Nkhotakota,3,81
08/27/2020,Nsanje,0,34
08/27/2020,Ntcheu,0,43
08/27/2020,Ntchisi,0,4
08/27/2020,Phalombe,0,11
08/27/2020,Rumphi,0,32
08/27/2020,Salima,0,47
08/27/2020,Thyolo,0,60
08/27/2020,Zomba,0,150
08/28/2020,Balaka,0,47
08/28/2020,Blantyre,4,1844
08/28/2020,Chikwawa,0,44
08/28/2020,Chiradzulu,1,44
08/28/2020,Chitipa,0,64
08/28/2020,Dedza,0,50
08/28/2020,Dowa,0,71
08/28/2020,Karonga,0,82
08/28/2020,Kasungu,0,48
08/28/2020,Likoma,0,4
08/28/2020,Lilongwe,18,1266
08/28/2020,Machinga,1,69
08/28/2020,Mangochi,1,144
08/28/2020,Mchinji,0,63
08/28/2020,Mulanje,0,40
08/28/2020,Mwanza,0,28
08/28/2020,Mwanza PoE,0,204
08/28/2020,Mzimba ,0,151
08/28/2020,Mzimba North,0,547
08/28/2020,Neno,0,58
08/28/2020,Nkhata Bay,0,191
08/28/2020,Nkhotakota,0,81
08/28/2020,Nsanje,0,34
08/28/2020,Ntcheu,1,44
08/28/2020,Ntchisi,0,4
08/28/2020,Phalombe,0,11
08/28/2020,Rumphi,0,32
08/28/2020,Salima,1,48
08/28/2020,Thyolo,0,60
08/28/2020,Zomba,0,150
08/29/2020,Balaka,0,47
08/29/2020,Blantyre,4,1848
08/29/2020,Chikwawa,0,44
08/29/2020,Chiradzulu,0,44
08/29/2020,Chitipa,0,64
08/29/2020,Dedza,0,50
08/29/2020,Dowa,0,71
08/29/2020,Karonga,0,82
08/29/2020,Kasungu,0,48
08/29/2020,Likoma,0,4
08/29/2020,Lilongwe,0,1266
08/29/2020,Machinga,0,69
08/29/2020,Mangochi,0,144
08/29/2020,Mchinji,0,63
08/29/2020,Mulanje,0,40
08/29/2020,Mwanza,0,28
08/29/2020,Mwanza PoE,0,204
08/29/2020,Mzimba ,0,151
08/29/2020,Mzimba North,0,547
08/29/2020,Neno,0,58
08/29/2020,Nkhata Bay,0,191
08/29/2020,Nkhotakota,1,82
08/29/2020,Nsanje,0,34
08/29/2020,Ntcheu,0,44
08/29/2020,Ntchisi,0,4
08/29/2020,Phalombe,0,11
08/29/2020,Rumphi,0,32
08/29/2020,Salima,0,48
08/29/2020,Thyolo,0,60
08/29/2020,Zomba,0,150
08/30/2020,Balaka,1,48
08/30/2020,Blantyre,1,1849
08/30/2020,Chikwawa,0,44
08/30/2020,Chiradzulu,0,44
08/30/2020,Chitipa,0,64
08/30/2020,Dedza,0,50
08/30/2020,Dowa,2,73
08/30/2020,Karonga,0,82
08/30/2020,Kasungu,0,48
08/30/2020,Likoma,0,4
08/30/2020,Lilongwe,1,1267
08/30/2020,Machinga,0,69
08/30/2020,Mangochi,0,144
08/30/2020,Mchinji,0,63
08/30/2020,Mulanje,0,40
08/30/2020,Mwanza,0,28
08/30/2020,Mwanza PoE,0,204
08/30/2020,Mzimba North,0,547
08/30/2020,Mzimba South,1,152
08/30/2020,Neno,0,58
08/30/2020,Nkhata Bay,0,191
08/30/2020,Nkhotakota,0,82
08/30/2020,Nsanje,1,35
08/30/2020,Ntcheu,0,44
08/30/2020,Ntchisi,0,4
08/30/2020,Phalombe,0,11
08/30/2020,Rumphi,0,32
08/30/2020,Salima,0,48
08/30/2020,Thyolo,1,61
08/30/2020,Zomba,0,150
08/31/2020,Balaka,1,49
08/31/2020,Blantyre,9,1858
08/31/2020,Chikwawa,0,44
08/31/2020,Chiradzulu,0,44
08/31/2020,Chitipa,0,64
08/31/2020,Dedza,0,50
08/31/2020,Dowa,0,73
08/31/2020,Karonga,0,82
08/31/2020,Kasungu,0,48
08/31/2020,Likoma,0,4
08/31/2020,Lilongwe,10,1277
08/31/2020,Machinga,2,71
08/31/2020,Mangochi,1,145
08/31/2020,Mchinji,0,63
08/31/2020,Mulanje,0,40
08/31/2020,Mwanza,0,28
08/31/2020,Mwanza PoE,0,204
08/31/2020,Mzimba North,0,547
08/31/2020,Mzimba South,0,152
08/31/2020,Neno,0,58
08/31/2020,Nkhata Bay,0,191
08/31/2020,Nkhotakota,1,83
08/31/2020,Nsanje,0,35
08/31/2020,Ntcheu,0,44
08/31/2020,Ntchisi,0,4
08/31/2020,Phalombe,1,12
08/31/2020,Rumphi,0,32
08/31/2020,Salima,0,48
08/31/2020,Thyolo,5,66
08/31/2020,Zomba,0,150
09/01/2020,Balaka,0,49
09/01/2020,Blantyre,4,1862
09/01/2020,Chikwawa,0,44
09/01/2020,Chiradzulu,0,44
09/01/2020,Chitipa,0,64
09/01/2020,Dedza,0,50
09/01/2020,Dowa,0,73
09/01/2020,Karonga,0,82
09/01/2020,Kasungu,0,48
09/01/2020,Likoma,0,4
09/01/2020,Lilongwe,6,1283
09/01/2020,Machinga,0,71
09/01/2020,Mangochi,0,145
09/01/2020,Mchinji,0,63
09/01/2020,Mulanje,0,40
09/01/2020,Mwanza,0,28
09/01/2020,Mwanza PoE,0,204
09/01/2020,Mzimba North,0,547
09/01/2020,Mzimba South,0,152
09/01/2020,Neno,0,58
09/01/2020,Nkhata Bay,0,191
09/01/2020,Nkhotakota,0,83
09/01/2020,Nsanje,0,35
09/01/2020,Ntcheu,0,44
09/01/2020,Ntchisi,0,4
09/01/2020,Phalombe,0,12
09/01/2020,Rumphi,0,32
09/01/2020,Salima,0,47
09/01/2020,Thyolo,0,67
09/01/2020,Zomba,0,150
09/02/2020,Balaka,0,49
09/02/2020,Blantyre,1,1863
09/02/2020,Chikwawa,0,44
09/02/2020,Chiradzulu,0,44
09/02/2020,Chitipa,0,64
09/02/2020,Dedza,0,50
09/02/2020,Dowa,0,73
09/02/2020,Karonga,0,82
09/02/2020,Kasungu,0,48
09/02/2020,Likoma,0,4
09/02/2020,Lilongwe,0,1283
09/02/2020,Machinga,0,71
09/02/2020,Mangochi,0,145
09/02/2020,Mchinji,0,63
09/02/2020,Mulanje,0,40
09/02/2020,Mwanza,0,28
09/02/2020,Mwanza PoE,0,204
09/02/2020,Mzimba North,0,547
09/02/2020,Mzimba South,0,152
09/02/2020,Neno,1,59
09/02/2020,Nkhata Bay,0,191
09/02/2020,Nkhotakota,0,83
09/02/2020,Nsanje,1,36
09/02/2020,Ntcheu,0,44
09/02/2020,Ntchisi,0,4
09/02/2020,Phalombe,0,12
09/02/2020,Rumphi,0,32
09/02/2020,Salima,0,47
09/02/2020,Thyolo,0,67
09/02/2020,Zomba,0,150
09/03/2020,Balaka,0,49
09/03/2020,Blantyre,6,1869
09/03/2020,Chikwawa,0,44
09/03/2020,Chiradzulu,0,44
09/03/2020,Chitipa,0,64
09/03/2020,Dedza,0,50
09/03/2020,Dowa,0,73
09/03/2020,Karonga,0,82
09/03/2020,Kasungu,0,48
09/03/2020,Likoma,0,4
09/03/2020,Lilongwe,7,1290
09/03/2020,Machinga,0,71
09/03/2020,Mangochi,1,146
09/03/2020,Mchinji,0,63
09/03/2020,Mulanje,0,40
09/03/2020,Mwanza,0,28
09/03/2020,Mwanza PoE,0,204
09/03/2020,Mzimba North,0,547
09/03/2020,Mzimba South,0,152
09/03/2020,Neno,0,59
09/03/2020,Nkhata Bay,0,191
09/03/2020,Nkhotakota,0,83
09/03/2020,Nsanje,0,36
09/03/2020,Ntcheu,0,44
09/03/2020,Ntchisi,0,4
09/03/2020,Phalombe,0,12
09/03/2020,Rumphi,0,32
09/03/2020,Salima,0,47
09/03/2020,Thyolo,0,67
09/03/2020,Zomba,0,150
09/04/2020,Balaka,0,49
09/04/2020,Blantyre,8,1877
09/04/2020,Chikwawa,0,44
09/04/2020,Chiradzulu,0,44
09/04/2020,Chitipa,0,64
09/04/2020,Dedza,0,50
09/04/2020,Dowa,0,73
09/04/2020,Karonga,0,82
09/04/2020,Kasungu,0,48
09/04/2020,Likoma,0,4
09/04/2020,Lilongwe,7,1297
09/04/2020,Machinga,0,71
09/04/2020,Mangochi,0,146
09/04/2020,Mchinji,0,63
09/04/2020,Mulanje,0,40
09/04/2020,Mwanza,0,28
09/04/2020,Mwanza PoE,0,204
09/04/2020,Mzimba North,0,547
09/04/2020,Mzimba South,0,152
09/04/2020,Neno,0,59
09/04/2020,Nkhata Bay,0,191
09/04/2020,Nkhotakota,0,83
09/04/2020,Nsanje,0,36
09/04/2020,Ntcheu,0,44
09/04/2020,Ntchisi,0,4
09/04/2020,Phalombe,0,12
09/04/2020,Rumphi,0,32
09/04/2020,Salima,0,47
09/04/2020,Thyolo,0,67
09/04/2020,Zomba,0,150
09/05/2020,Balaka,0,49
09/05/2020,Blantyre,1,1878
09/05/2020,Chikwawa,0,44
09/05/2020,Chiradzulu,0,44
09/05/2020,Chitipa,0,64
09/05/2020,Dedza,0,50
09/05/2020,Dowa,1,74
09/05/2020,Karonga,0,82
09/05/2020,Kasungu,1,49
09/05/2020,Likoma,0,4
09/05/2020,Lilongwe,0,1297
09/05/2020,Machinga,0,71
09/05/2020,Mangochi,0,146
09/05/2020,Mchinji,0,63
09/05/2020,Mulanje,0,40
09/05/2020,Mwanza,0,28
09/05/2020,Mwanza PoE,0,204
09/05/2020,Mzimba North,0,547
09/05/2020,Mzimba South,0,152
09/05/2020,Neno,0,59
09/05/2020,Nkhata Bay,0,191
09/05/2020,Nkhotakota,0,83
09/05/2020,Nsanje,0,36
09/05/2020,Ntcheu,0,44
09/05/2020,Ntchisi,0,4
09/05/2020,Phalombe,0,12
09/05/2020,Rumphi,0,32
09/05/2020,Salima,0,47
09/05/2020,Thyolo,0,67
09/05/2020,Zomba,0,150
09/06/2020,Balaka,0,49
09/06/2020,Blantyre,3,1881
09/06/2020,Chikwawa,0,44
09/06/2020,Chiradzulu,0,44
09/06/2020,Chitipa,0,64
09/06/2020,Dedza,0,50
09/06/2020,Dowa,0,74
09/06/2020,Karonga,0,82
09/06/2020,Kasungu,0,49
09/06/2020,Likoma,0,4
09/06/2020,Lilongwe,0,1297
09/06/2020,Machinga,0,71
09/06/2020,Mangochi,0,146
09/06/2020,Mchinji,0,63
09/06/2020,Mulanje,0,40
09/06/2020,Mwanza,0,28
09/06/2020,Mwanza PoE,0,204
09/06/2020,Mzimba ,0,152
09/06/2020,Mzuzu,0,547
09/06/2020,Neno,0,59
09/06/2020,Nkhata Bay,0,191
09/06/2020,Nkhotakota,0,83
09/06/2020,Nsanje,0,36
09/06/2020,Ntcheu,0,44
09/06/2020,Ntchisi,0,4
09/06/2020,Phalombe,0,12
09/06/2020,Rumphi,0,32
09/06/2020,Salima,0,47
09/06/2020,Thyolo,0,67
09/06/2020,Zomba,0,150
09/07/2020,Balaka,0,49
09/07/2020,Blantyre,0,1881
09/07/2020,Chikwawa,0,44
09/07/2020,Chiradzulu,0,44
09/07/2020,Chitipa,0,64
09/07/2020,Dedza,0,50
09/07/2020,Dowa,0,74
09/07/2020,Karonga,0,82
09/07/2020,Kasungu,0,49
09/07/2020,Likoma,0,4
09/07/2020,Lilongwe,0,1297
09/07/2020,Machinga,0,71
09/07/2020,Mangochi,0,146
09/07/2020,Mchinji,0,63
09/07/2020,Mulanje,0,40
09/07/2020,Mwanza,0,28
09/07/2020,Mwanza PoE,0,204
09/07/2020,Mzimba North,4,551
09/07/2020,Mzimba South,0,152
09/07/2020,Neno,0,59
09/07/2020,Nkhata Bay,0,191
09/07/2020,Nkhotakota,0,83
09/07/2020,Nsanje,0,36
09/07/2020,Ntcheu,0,44
09/07/2020,Ntchisi,0,4
09/07/2020,Phalombe,0,12
09/07/2020,Rumphi,3,35
09/07/2020,Salima,0,47
09/07/2020,Thyolo,0,67
09/07/2020,Zomba,0,150
09/08/2020,Balaka,0,49
09/08/2020,Blantyre,5,1886
09/08/2020,Chikwawa,0,44
09/08/2020,Chiradzulu,0,44
09/08/2020,Chitipa,0,64
09/08/2020,Dedza,0,50
09/08/2020,Dowa,0,74
09/08/2020,Karonga,0,82
09/08/2020,Kasungu,0,49
09/08/2020,Likoma,0,4
09/08/2020,Lilongwe,1,1298
09/08/2020,Machinga,0,71
09/08/2020,Mangochi,0,146
09/08/2020,Mchinji,2,65
09/08/2020,Mulanje,1,41
09/08/2020,Mwanza,0,28
09/08/2020,Mwanza PoE,0,204
09/08/2020,Mzimba ,0,152
09/08/2020,Mzuzu,0,551
09/08/2020,Neno,0,59
09/08/2020,Nkhata Bay,0,191
09/08/2020,Nkhotakota,0,83
09/08/2020,Nsanje,0,36
09/08/2020,Ntcheu,0,44
09/08/2020,Ntchisi,0,4
09/08/2020,Phalombe,0,12
09/08/2020,Rumphi,0,35
09/08/2020,Salima,0,47
09/08/2020,Thyolo,0,67
09/08/2020,Zomba,0,150
09/09/2020,Balaka,0,49
09/09/2020,Blantyre,9,1895
09/09/2020,Chikwawa,0,44
09/09/2020,Chiradzulu,0,44
09/09/2020,Chitipa,0,64
09/09/2020,Dedza,0,50
09/09/2020,Dowa,2,76
09/09/2020,Karonga,0,82
09/09/2020,Kasungu,0,49
09/09/2020,Likoma,0,4
09/09/2020,Lilongwe,11,1309
09/09/2020,Machinga,0,71
09/09/2020,Mangochi,0,146
09/09/2020,Mchinji,0,65
09/09/2020,Mulanje,1,42
09/09/2020,Mwanza,0,28
09/09/2020,Mwanza PoE,0,204
09/09/2020,Mzimba North,0,551
09/09/2020,Mzimba South,0,152
09/09/2020,Neno,0,59
09/09/2020,Nkhata Bay,0,191
09/09/2020,Nkhotakota,0,83
09/09/2020,Nsanje,0,36
09/09/2020,Ntcheu,0,44
09/09/2020,Ntchisi,0,4
09/09/2020,Phalombe,0,12
09/09/2020,Rumphi,0,35
09/09/2020,Salima,0,47
09/09/2020,Thyolo,0,67
09/09/2020,Zomba,0,150
09/10/2020,Balaka,0,49
09/10/2020,Blantyre,2,1897
09/10/2020,Chikwawa,0,44
09/10/2020,Chiradzulu,0,44
09/10/2020,Chitipa,0,64
09/10/2020,Dedza,0,50
09/10/2020,Dowa,0,76
09/10/2020,Karonga,0,82
09/10/2020,Kasungu,0,49
09/10/2020,Likoma,0,4
09/10/2020,Lilongwe,0,1309
09/10/2020,Machinga,0,71
09/10/2020,Mangochi,0,146
09/10/2020,Mchinji,0,65
09/10/2020,Mulanje,0,42
09/10/2020,Mwanza,0,28
09/10/2020,Mwanza PoE,0,204
09/10/2020,Mzimba North,0,551
09/10/2020,Mzimba South,0,152
09/10/2020,Neno,0,59
09/10/2020,Nkhata Bay,0,192
09/10/2020,Nkhotakota,0,83
09/10/2020,Nsanje,0,36
09/10/2020,Ntcheu,0,44
09/10/2020,Ntchisi,0,4
09/10/2020,Phalombe,0,11
09/10/2020,Rumphi,0,35
09/10/2020,Salima,0,47
09/10/2020,Thyolo,0,66
09/10/2020,Zomba,0,151
09/11/2020,Balaka,0,49
09/11/2020,Blantyre,3,1900
09/11/2020,Chikwawa,2,46
09/11/2020,Chiradzulu,0,44
09/11/2020,Chitipa,0,64
09/11/2020,Dedza,0,50
09/11/2020,Dowa,1,77
09/11/2020,Karonga,0,82
09/11/2020,Kasungu,0,49
09/11/2020,Likoma,0,4
09/11/2020,Lilongwe,5,1314
09/11/2020,Machinga,0,71
09/11/2020,Mangochi,0,146
09/11/2020,Mchinji,0,65
09/11/2020,Mulanje,0,42
09/11/2020,Mwanza,0,28
09/11/2020,Mwanza PoE,0,204
09/11/2020,Mzimba ,0,152
09/11/2020,Mzuzu,0,551
09/11/2020,Neno,0,59
09/11/2020,Nkhata Bay,0,192
09/11/2020,Nkhotakota,0,83
09/11/2020,Nsanje,0,36
09/11/2020,Ntcheu,1,45
09/11/2020,Ntchisi,0,4
09/11/2020,Phalombe,0,11
09/11/2020,Rumphi,0,35
09/11/2020,Salima,0,47
09/11/2020,Thyolo,0,66
09/11/2020,Zomba,2,153
09/12/2020,Balaka,0,49
09/12/2020,Blantyre,4,1904
09/12/2020,Chikwawa,0,46
09/12/2020,Chiradzulu,0,44
09/12/2020,Chitipa,0,64
09/12/2020,Dedza,0,50
09/12/2020,Dowa,0,77
09/12/2020,Karonga,0,82
09/12/2020,Kasungu,0,49
09/12/2020,Likoma,0,4
09/12/2020,Lilongwe,1,1315
09/12/2020,Machinga,0,71
09/12/2020,Mangochi,0,146
09/12/2020,Mchinji,0,65
09/12/2020,Mulanje,1,43
09/12/2020,Mwanza,0,28
09/12/2020,Mwanza PoE,0,204
09/12/2020,Mzimba ,0,152
09/12/2020,Mzuzu,2,553
09/12/2020,Neno,0,59
09/12/2020,Nkhata Bay,0,192
09/12/2020,Nkhotakota,0,83
09/12/2020,Nsanje,0,36
09/12/2020,Ntcheu,0,45
09/12/2020,Ntchisi,0,4
09/12/2020,Phalombe,0,11
09/12/2020,Rumphi,1,36
09/12/2020,Salima,0,47
09/12/2020,Thyolo,0,66
09/12/2020,Zomba,0,153
09/13/2020,Balaka,0,49
09/13/2020,Blantyre,0,1904
09/13/2020,Chikwawa,0,46
09/13/2020,Chiradzulu,0,44
09/13/2020,Chitipa,0,64
09/13/2020,Dedza,0,50
09/13/2020,Dowa,0,77
09/13/2020,Karonga,0,82
09/13/2020,Kasungu,0,49
09/13/2020,Likoma,0,4
09/13/2020,Lilongwe,12,1327
09/13/2020,Machinga,0,71
09/13/2020,Mangochi,0,146
09/13/2020,Mchinji,0,65
09/13/2020,Mulanje,0,43
09/13/2020,Mwanza,0,28
09/13/2020,Mwanza PoE,0,204
09/13/2020,Mzimba North,0,553
09/13/2020,Mzimba South,0,152
09/13/2020,Neno,0,59
09/13/2020,Nkhata Bay,0,192
09/13/2020,Nkhotakota,0,83
09/13/2020,Nsanje,0,36
09/13/2020,Ntcheu,0,45
09/13/2020,Ntchisi,0,4
09/13/2020,Phalombe,0,11
09/13/2020,Rumphi,0,36
09/13/2020,Salima,0,47
09/13/2020,Thyolo,0,66
09/13/2020,Zomba,0,153
09/14/2020,Balaka,0,49
09/14/2020,Blantyre,5,1909
09/14/2020,Chikwawa,0,46
09/14/2020,Chiradzulu,0,44
09/14/2020,Chitipa,0,64
09/14/2020,Dedza,0,50
09/14/2020,Dowa,0,77
09/14/2020,Karonga,0,82
09/14/2020,Kasungu,0,49
09/14/2020,Likoma,0,4
09/14/2020,Lilongwe,0,1327
09/14/2020,Machinga,0,71
09/14/2020,Mangochi,0,146
09/14/2020,Mchinji,0,65
09/14/2020,Mulanje,0,43
09/14/2020,Mwanza,0,28
09/14/2020,Mwanza PoE,0,204
09/14/2020,Mzimba North,0,553
09/14/2020,Mzimba South,1,153
09/14/2020,Neno,0,59
09/14/2020,Nkhata Bay,0,192
09/14/2020,Nkhotakota,0,83
09/14/2020,Nsanje,1,37
09/14/2020,Ntcheu,0,45
09/14/2020,Ntchisi,0,4
09/14/2020,Phalombe,0,11
09/14/2020,Rumphi,0,36
09/14/2020,Salima,0,47
09/14/2020,Thyolo,0,66
09/14/2020,Zomba,0,153
09/15/2020,Balaka,0,49
09/15/2020,Blantyre,2,1911
09/15/2020,Chikwawa,0,46
09/15/2020,Chiradzulu,0,44
09/15/2020,Chitipa,0,64
09/15/2020,Dedza,0,50
09/15/2020,Dowa,0,77
09/15/2020,Karonga,0,82
09/15/2020,Kasungu,0,49
09/15/2020,Likoma,0,4
09/15/2020,Lilongwe,0,1327
09/15/2020,Machinga,1,72
09/15/2020,Mangochi,0,146
09/15/2020,Mchinji,0,65
09/15/2020,Mulanje,0,43
09/15/2020,Mwanza,0,28
09/15/2020,Mwanza PoE,0,204
09/15/2020,Mzimba North,0,553
09/15/2020,Mzimba South,0,153
09/15/2020,Neno,0,59
09/15/2020,Nkhata Bay,0,192
09/15/2020,Nkhotakota,1,84
09/15/2020,Nsanje,0,37
09/15/2020,Ntcheu,0,45
09/15/2020,Ntchisi,0,4
09/15/2020,Phalombe,0,11
09/15/2020,Rumphi,0,36
09/15/2020,Salima,0,47
09/15/2020,Thyolo,0,66
09/15/2020,Zomba,0,153
08/19/2020,Balaka,1,45
09/16/2020,Balaka,0,49
08/19/2020,Blantyre,19,1690
09/16/2020,Blantyre,1,1912
08/19/2020,Chikwawa,0,43
09/16/2020,Chikwawa,0,46
08/19/2020,Chiradzulu,0,35
09/16/2020,Chiradzulu,0,44
08/19/2020,Chitipa,0,52
09/16/2020,Chitipa,0,64
08/19/2020,Dedza,9,48
09/16/2020,Dedza,0,50
08/19/2020,Dowa,0,67
09/16/2020,Dowa,0,77
08/19/2020,Karonga,1,77
09/16/2020,Karonga,0,82
08/19/2020,Kasungu,0,46
09/16/2020,Kasungu,0,49
08/19/2020,Likoma,0,5
09/16/2020,Likoma,0,4
08/19/2020,Lilongwe,1,1140
09/16/2020,Lilongwe,2,1329
08/19/2020,Machinga,2,68
09/16/2020,Machinga,0,72
08/19/2020,Mangochi,2,142
09/16/2020,Mangochi,0,146
08/19/2020,Mchinji,1,56
09/16/2020,Mchinji,0,65
08/19/2020,Mulanje,0,40
09/16/2020,Mulanje,0,43
08/19/2020,Mwanza,0,28
09/16/2020,Mwanza,0,28
08/19/2020,Mwanza PoE,0,205
09/16/2020,Mwanza PoE,0,204
08/19/2020,Mzimba North,4,524
09/16/2020,Mzimba North,0,553
08/19/2020,Mzimba South,2,131
09/16/2020,Mzimba South,0,153
08/19/2020,Neno,0,58
09/16/2020,Neno,0,59
08/19/2020,Nkhata Bay,5,187
09/16/2020,Nkhata Bay,0,192
08/19/2020,Nkhotakota,5,62
09/16/2020,Nkhotakota,0,84
08/19/2020,Nsanje,0,34
09/16/2020,Nsanje,0,37
08/19/2020,Ntcheu,0,42
09/16/2020,Ntcheu,0,45
08/19/2020,Ntchisi,0,2
09/16/2020,Ntchisi,0,4
08/19/2020,Phalombe,0,11
09/16/2020,Phalombe,0,11
08/19/2020,Rumphi,0,32
09/16/2020,Rumphi,0,36
08/19/2020,Salima,1,47
09/16/2020,Salima,0,47
08/19/2020,Thyolo,0,58
09/16/2020,Thyolo,0,66
08/19/2020,Zomba,0,150
09/16/2020,Zomba,0,153
09/17/2020,Balaka,0,49
09/17/2020,Blantyre,3,1915
09/17/2020,Chikwawa,0,46
09/17/2020,Chiradzulu,0,44
09/17/2020,Chitipa,0,64
09/17/2020,Dedza,0,50
09/17/2020,Dowa,0,77
09/17/2020,Karonga,0,82
09/17/2020,Kasungu,0,49
09/17/2020,Likoma,0,4
09/17/2020,Lilongwe,4,1333
09/17/2020,Machinga,0,72
09/17/2020,Mangochi,0,146
09/17/2020,Mchinji,0,65
09/17/2020,Mulanje,0,43
09/17/2020,Mwanza,0,28
09/17/2020,Mwanza PoE,0,204
09/17/2020,Mzimba North,0,553
09/17/2020,Mzimba South,0,153
09/17/2020,Neno,0,59
09/17/2020,Nkhata Bay,0,192
09/17/2020,Nkhotakota,0,84
09/17/2020,Nsanje,0,37
09/17/2020,Ntcheu,0,45
09/17/2020,Ntchisi,0,4
09/17/2020,Phalombe,0,11
09/17/2020,Rumphi,0,36
09/17/2020,Salima,0,47
09/17/2020,Thyolo,0,66
09/17/2020,Zomba,0,153
09/18/2020,Balaka,0,49
09/18/2020,Blantyre,2,1917
09/18/2020,Chikwawa,0,46
09/18/2020,Chiradzulu,0,44
09/18/2020,Chitipa,0,64
09/18/2020,Dedza,0,50
09/18/2020,Dowa,3,80
09/18/2020,Karonga,0,82
09/18/2020,Kasungu,0,49
09/18/2020,Likoma,0,4
09/18/2020,Lilongwe,0,1333
09/18/2020,Machinga,0,72
09/18/2020,Mangochi,0,146
09/18/2020,Mchinji,0,65
09/18/2020,Mulanje,0,43
09/18/2020,Mwanza,0,28
09/18/2020,Mwanza PoE,0,204
09/18/2020,Mzimba ,0,153
09/18/2020,Mzuzu,0,553
09/18/2020,Neno,0,59
09/18/2020,Nkhata Bay,0,192
09/18/2020,Nkhotakota,0,84
09/18/2020,Nsanje,0,37
09/18/2020,Ntcheu,0,45
09/18/2020,Ntchisi,0,4
09/18/2020,Phalombe,0,11
09/18/2020,Rumphi,0,36
09/18/2020,Salima,0,47
09/18/2020,Thyolo,0,66
09/18/2020,Zomba,0,153
09/19/2020,Balaka,0,49
09/19/2020,Blantyre,2,1917
09/19/2020,Chikwawa,0,46
09/19/2020,Chiradzulu,0,44
09/19/2020,Chitipa,0,64
09/19/2020,Dedza,0,50
09/19/2020,Dowa,3,80
09/19/2020,Karonga,0,82
09/19/2020,Kasungu,0,49
09/19/2020,Likoma,0,4
09/19/2020,Lilongwe,0,1333
09/19/2020,Machinga,0,72
09/19/2020,Mangochi,0,146
09/19/2020,Mchinji,0,65
09/19/2020,Mulanje,0,43
09/19/2020,Mwanza,0,28
09/19/2020,Mwanza PoE,0,204
09/19/2020,Mzimba North,0,553
09/19/2020,Mzimba South,0,153
09/19/2020,Neno,0,59
09/19/2020,Nkhata Bay,0,192
09/19/2020,Nkhotakota,0,84
09/19/2020,Nsanje,0,37
09/19/2020,Ntcheu,0,45
09/19/2020,Ntchisi,0,4
09/19/2020,Phalombe,0,11
09/19/2020,Rumphi,0,36
09/19/2020,Salima,0,47
09/19/2020,Thyolo,0,66
09/19/2020,Zomba,0,153
09/20/2020,Balaka,0,49
09/20/2020,Blantyre,2,1921
09/20/2020,Chikwawa,0,46
09/20/2020,Chiradzulu,0,47
09/20/2020,Chitipa,0,64
09/20/2020,Dedza,0,50
09/20/2020,Dowa,0,80
09/20/2020,Karonga,0,82
09/20/2020,Kasungu,0,49
09/20/2020,Likoma,0,4
09/20/2020,Lilongwe,5,1338
09/20/2020,Machinga,1,73
09/20/2020,Mangochi,0,146
09/20/2020,Mchinji,0,65
09/20/2020,Mulanje,0,43
09/20/2020,Mwanza,0,28
09/20/2020,Mwanza PoE,0,204
09/20/2020,Mzimba ,0,153
09/20/2020,Mzuzu,0,553
09/20/2020,Neno,0,59
09/20/2020,Nkhata Bay,0,192
09/20/2020,Nkhotakota,0,84
09/20/2020,Nsanje,0,37
09/20/2020,Ntcheu,0,45
09/20/2020,Ntchisi,0,4
09/20/2020,Phalombe,0,11
09/20/2020,Rumphi,0,36
09/20/2020,Salima,0,47
09/20/2020,Thyolo,0,66
09/20/2020,Zomba,2,155
09/21/2020,Balaka,0,49
09/21/2020,Blantyre,2,1923
09/21/2020,Chikwawa,0,46
09/21/2020,Chiradzulu,0,47
09/21/2020,Chitipa,0,64
09/21/2020,Dedza,0,50
09/21/2020,Dowa,0,80
09/21/2020,Karonga,0,82
09/21/2020,Kasungu,0,49
09/21/2020,Likoma,0,4
09/21/2020,Lilongwe,0,1338
09/21/2020,Machinga,0,73
09/21/2020,Mangochi,0,146
09/21/2020,Mchinji,0,65
09/21/2020,Mulanje,0,43
09/21/2020,Mwanza,0,28
09/21/2020,Mwanza PoE,0,204
09/21/2020,Mzimba ,0,153
09/21/2020,Mzuzu,0,553
09/21/2020,Neno,0,59
09/21/2020,Nkhata Bay,0,192
09/21/2020,Nkhotakota,0,84
09/21/2020,Nsanje,0,37
09/21/2020,Ntcheu,0,45
09/21/2020,Ntchisi,0,4
09/21/2020,Phalombe,0,11
09/21/2020,Rumphi,0,36
09/21/2020,Salima,0,47
09/21/2020,Thyolo,0,66
09/21/2020,Zomba,0,155
09/22/2020,Balaka,0,49
09/22/2020,Blantyre,2,1925
09/22/2020,Chikwawa,0,46
09/22/2020,Chiradzulu,0,47
09/22/2020,Chitipa,0,64
09/22/2020,Dedza,0,50
09/22/2020,Dowa,0,80
09/22/2020,Karonga,0,82
09/22/2020,Kasungu,0,49
09/22/2020,Likoma,0,4
09/22/2020,Lilongwe,0,1338
09/22/2020,Machinga,0,73
09/22/2020,Mangochi,0,146
09/22/2020,Mchinji,0,65
09/22/2020,Mulanje,0,43
09/22/2020,Mwanza,0,28
09/22/2020,Mwanza PoE,0,204
09/22/2020,Mzimba ,0,153
09/22/2020,Mzuzu,2,555
09/22/2020,Neno,0,59
09/22/2020,Nkhata Bay,2,194
09/22/2020,Nkhotakota,0,84
09/22/2020,Nsanje,0,37
09/22/2020,Ntcheu,0,45
09/22/2020,Ntchisi,0,4
09/22/2020,Phalombe,0,11
09/22/2020,Rumphi,0,36
09/22/2020,Salima,0,47
09/22/2020,Thyolo,0,66
09/22/2020,Zomba,0,155
09/23/2020,Balaka,0,49
09/23/2020,Blantyre,6,1931
09/23/2020,Chikwawa,0,46
09/23/2020,Chiradzulu,0,47
09/23/2020,Chitipa,0,64
09/23/2020,Dedza,0,50
09/23/2020,Dowa,0,80
09/23/2020,Karonga,0,82
09/23/2020,Kasungu,0,49
09/23/2020,Likoma,0,4
09/23/2020,Lilongwe,1,1339
09/23/2020,Machinga,0,73
09/23/2020,Mangochi,0,146
09/23/2020,Mchinji,0,65
09/23/2020,Mulanje,0,43
09/23/2020,Mwanza,0,28
09/23/2020,Mwanza PoE,0,204
09/23/2020,Mzimba ,0,153
09/23/2020,Mzuzu,0,555
09/23/2020,Neno,0,59
09/23/2020,Nkhata Bay,0,194
09/23/2020,Nkhotakota,0,84
09/23/2020,Nsanje,0,37
09/23/2020,Ntcheu,0,45
09/23/2020,Ntchisi,0,4
09/23/2020,Phalombe,0,11
09/23/2020,Rumphi,0,36
09/23/2020,Salima,0,47
09/23/2020,Thyolo,0,66
09/23/2020,Zomba,0,155
09/24/2020,Balaka,0,49
09/24/2020,Blantyre,0,1931
09/24/2020,Chikwawa,0,46
09/24/2020,Chiradzulu,0,47
09/24/2020,Chitipa,0,64
09/24/2020,Dedza,0,50
09/24/2020,Dowa,0,80
09/24/2020,Karonga,0,82
09/24/2020,Kasungu,0,49
09/24/2020,Likoma,0,4
09/24/2020,Lilongwe,0,1339
09/24/2020,Machinga,0,73
09/24/2020,Mangochi,0,146
09/24/2020,Mchinji,0,65
09/24/2020,Mulanje,0,43
09/24/2020,Mwanza,0,28
09/24/2020,Mwanza PoE,0,204
09/24/2020,Mzimba,0,153
09/24/2020,Mzuzu,1,556
09/24/2020,Neno,0,59
09/24/2020,Nkhata Bay,0,194
09/24/2020,Nkhotakota,0,84
09/24/2020,Nsanje,0,37
09/24/2020,Ntcheu,0,45
09/24/2020,Ntchisi,0,4
09/24/2020,Phalombe,0,11
09/24/2020,Rumphi,0,36
09/24/2020,Salima,0,47
09/24/2020,Thyolo,0,66
09/24/2020,Zomba,0,155
09/25/2020,Balaka,0,49
09/25/2020,Blantyre,7,1938
09/25/2020,Chikwawa,0,46
09/25/2020,Chiradzulu,0,47
09/25/2020,Chitipa,0,64
09/25/2020,Dedza,0,50
09/25/2020,Dowa,1,81
09/25/2020,Karonga,0,82
09/25/2020,Kasungu,0,49
09/25/2020,Likoma,0,4
09/25/2020,Lilongwe,9,1348
09/25/2020,Machinga,0,73
09/25/2020,Mangochi,0,146
09/25/2020,Mchinji,0,65
09/25/2020,Mulanje,0,43
09/25/2020,Mwanza,0,28
09/25/2020,Mwanza PoE,0,204
09/25/2020,Mzimba ,0,153
09/25/2020,Mzuzu,0,556
09/25/2020,Neno,0,59
09/25/2020,Nkhata Bay,0,194
09/25/2020,Nkhotakota,0,84
09/25/2020,Nsanje,0,37
09/25/2020,Ntcheu,0,45
09/25/2020,Ntchisi,0,4
09/25/2020,Phalombe,0,11
09/25/2020,Rumphi,0,36
09/25/2020,Salima,0,47
09/25/2020,Thyolo,0,66
09/25/2020,Zomba,0,155
09/26/2020,Balaka,0,49
09/26/2020,Blantyre,1,1939
09/26/2020,Chikwawa,0,46
09/26/2020,Chiradzulu,0,47
09/26/2020,Chitipa,0,64
09/26/2020,Dedza,0,50
09/26/2020,Dowa,0,81
09/26/2020,Karonga,0,82
09/26/2020,Kasungu,0,49
09/26/2020,Likoma,0,4
09/26/2020,Lilongwe,1,1349
09/26/2020,Machinga,0,73
09/26/2020,Mangochi,0,146
09/26/2020,Mchinji,0,65
09/26/2020,Mulanje,0,43
09/26/2020,Mwanza,0,28
09/26/2020,Mwanza PoE,0,204
09/26/2020,Mzimba ,0,153
09/26/2020,Mzuzu,0,556
09/26/2020,Neno,0,59
09/26/2020,Nkhata Bay,0,194
09/26/2020,Nkhotakota,0,84
09/26/2020,Nsanje,0,37
09/26/2020,Ntcheu,0,45
09/26/2020,Ntchisi,0,4
09/26/2020,Phalombe,0,11
09/26/2020,Rumphi,0,36
09/26/2020,Salima,0,47
09/26/2020,Thyolo,0,66
09/26/2020,Zomba,0,155
09/27/2020,Balaka,0,49
09/27/2020,Blantyre,2,1941
09/27/2020,Chikwawa,0,46
09/27/2020,Chiradzulu,0,47
09/27/2020,Chitipa,0,64
09/27/2020,Dedza,0,50
09/27/2020,Dowa,0,81
09/27/2020,Karonga,0,82
09/27/2020,Kasungu,0,49
09/27/2020,Likoma,0,4
09/27/2020,Lilongwe,0,1349
09/27/2020,Machinga,0,73
09/27/2020,Mangochi,0,146
09/27/2020,Mchinji,0,65
09/27/2020,Mulanje,0,43
09/27/2020,Mwanza,0,28
09/27/2020,Mwanza PoE,0,204
09/27/2020,Mzimba North,0,556
09/27/2020,Mzimba South,0,153
09/27/2020,Neno,0,59
09/27/2020,Nkhata Bay,0,194
09/27/2020,Nkhotakota,0,84
09/27/2020,Nsanje,0,37
09/27/2020,Ntcheu,0,45
09/27/2020,Ntchisi,0,4
09/27/2020,Phalombe,0,11
09/27/2020,Rumphi,0,36
09/27/2020,Salima,0,47
09/27/2020,Thyolo,0,66
09/27/2020,Zomba,0,155
09/28/2020,Balaka,0,49
09/28/2020,Blantyre,2,1943
09/28/2020,Chikwawa,0,46
09/28/2020,Chiradzulu,0,47
09/28/2020,Chitipa,0,64
09/28/2020,Dedza,0,50
09/28/2020,Dowa,0,81
09/28/2020,Karonga,0,82
09/28/2020,Kasungu,0,49
09/28/2020,Likoma,0,4
09/28/2020,Lilongwe,0,1349
09/28/2020,Machinga,0,73
09/28/2020,Mangochi,0,146
09/28/2020,Mchinji,0,65
09/28/2020,Mulanje,0,43
09/28/2020,Mwanza,0,28
09/28/2020,Mwanza PoE,0,204
09/28/2020,Mzimba North,0,556
09/28/2020,Mzimba South,0,153
09/28/2020,Neno,0,59
09/28/2020,Nkhata Bay,0,194
09/28/2020,Nkhotakota,0,84
09/28/2020,Nsanje,0,37
09/28/2020,Ntcheu,0,45
09/28/2020,Ntchisi,0,4
09/28/2020,Phalombe,0,11
09/28/2020,Rumphi,0,36
09/28/2020,Salima,0,47
09/28/2020,Thyolo,0,66
09/28/2020,Zomba,0,155
09/29/2020,Blantyre,0,1943
09/29/2020,Lilongwe,0,1349
09/29/2020,Mzimba North,1,557
09/29/2020,Nkhata Bay,1,195
09/29/2020,Zomba,0,155
09/29/2020,Mzimba South,0,153
09/29/2020,Mangochi,0,146
09/29/2020,Nkhotakota,0,84
09/29/2020,Karonga,0,82
09/29/2020,Dowa,0,81
09/29/2020,Machinga,0,73
09/29/2020,Thyolo,0,66
09/29/2020,Mchinji,0,65
09/29/2020,Chitipa,0,64
09/29/2020,Neno,0,59
09/29/2020,Dedza,0,50
09/29/2020,Balaka,0,49
09/29/2020,Kasungu,0,49
09/29/2020,Salima,0,47
09/29/2020,Chiradzulu,0,47
09/29/2020,Chikwawa,0,46
09/29/2020,Ntcheu,0,45
09/29/2020,Mulanje,0,43
09/29/2020,Nsanje,0,37
09/29/2020,Rumphi,0,36
09/29/2020,Mwanza,0,28
09/29/2020,Phalombe,0,11
09/29/2020,Likoma,0,4
09/29/2020,Ntchisi,0,4
09/29/2020,Mwanza PoE,0,204
09/30/2020,Blantyre,1,1944
09/30/2020,Lilongwe,0,1349
09/30/2020,Mzimba North,0,557
09/30/2020,Nkhata Bay,0,195
09/30/2020,Zomba,0,155
09/30/2020,Mzimba South,0,153
09/30/2020,Mangochi,0,146
09/30/2020,Nkhotakota,0,84
09/30/2020,Karonga,0,82
09/30/2020,Dowa,0,81
09/30/2020,Machinga,0,73
09/30/2020,Thyolo,0,66
09/30/2020,Mchinji,0,65
09/30/2020,Chitipa,0,64
09/30/2020,Neno,0,59
09/30/2020,Dedza,0,50
09/30/2020,Balaka,0,49
09/30/2020,Kasungu,0,49
09/30/2020,Salima,0,47
09/30/2020,Chiradzulu,0,47
09/30/2020,Chikwawa,0,46
09/30/2020,Ntcheu,0,45
09/30/2020,Mulanje,0,43
09/30/2020,Nsanje,0,37
09/30/2020,Rumphi,0,36
09/30/2020,Mwanza,0,28
09/30/2020,Phalombe,0,11
09/30/2020,Likoma,0,4
09/30/2020,Ntchisi,0,4
09/30/2020,Mwanza PoE,0,204
10/01/2020,Blantyre,0,1944
10/01/2020,Lilongwe,2,1351
10/01/2020,Mzimba North,4,561
10/01/2020,Nkhata Bay,0,195
10/01/2020,Zomba,0,155
10/01/2020,Mzimba South,0,153
10/01/2020,Mangochi,0,146
10/01/2020,Nkhotakota,0,84
10/01/2020,Karonga,0,82
10/01/2020,Dowa,0,81
10/01/2020,Machinga,0,73
10/01/2020,Thyolo,0,66
10/01/2020,Mchinji,0,65
10/01/2020,Chitipa,0,64
10/01/2020,Neno,0,59
10/01/2020,Dedza,0,50
10/01/2020,Balaka,0,49
10/01/2020,Kasungu,0,49
10/01/2020,Salima,0,47
10/01/2020,Chiradzulu,0,47
10/01/2020,Chikwawa,0,46
10/01/2020,Ntcheu,0,45
10/01/2020,Mulanje,0,43
10/01/2020,Nsanje,0,37
10/01/2020,Rumphi,0,36
10/01/2020,Mwanza,0,28
10/01/2020,Phalombe,0,11
10/01/2020,Likoma,0,4
10/01/2020,Ntchisi,0,4
10/01/2020,Mwanza PoE,0,204
10/02/2020,Blantyre,2,1947
10/02/2020,Lilongwe,1,1350
10/02/2020,Mzimba North,0,561
10/02/2020,Nkhata Bay,1,196
10/02/2020,Zomba,0,155
10/02/2020,Mzimba South,0,153
10/02/2020,Mangochi,0,146
10/02/2020,Nkhotakota,0,84
10/02/2020,Karonga,0,82
10/02/2020,Dowa,0,82
10/02/2020,Machinga,0,73
10/02/2020,Thyolo,0,66
10/02/2020,Mchinji,0,65
10/02/2020,Chitipa,0,64
10/02/2020,Neno,0,59
10/02/2020,Dedza,0,50
10/02/2020,Balaka,0,49
10/02/2020,Kasungu,0,49
10/02/2020,Salima,0,47
10/02/2020,Chiradzulu,0,47
10/02/2020,Chikwawa,0,46
10/02/2020,Ntcheu,0,45
10/02/2020,Mulanje,0,43
10/02/2020,Nsanje,0,37
10/02/2020,Rumphi,0,36
10/02/2020,Mwanza,0,28
10/02/2020,Phalombe,0,11
10/02/2020,Likoma,0,4
10/02/2020,Ntchisi,0,4
10/02/2020,Mwanza PoE,0,204
10/04/2020,Blantyre,2,1947
10/04/2020,Lilongwe,1,1350
10/04/2020,Mzimba North,0,561
10/04/2020,Nkhata Bay,1,196
10/04/2020,Zomba,0,155
10/04/2020,Mzimba South,0,153
10/04/2020,Mangochi,0,146
10/04/2020,Nkhotakota,0,84
10/04/2020,Karonga,0,82
10/04/2020,Dowa,0,82
10/04/2020,Machinga,0,73
10/04/2020,Thyolo,0,66
10/04/2020,Mchinji,0,65
10/04/2020,Chitipa,0,64
10/04/2020,Neno,0,59
10/04/2020,Dedza,0,50
10/04/2020,Balaka,0,49
10/04/2020,Kasungu,0,49
10/04/2020,Salima,0,47
10/04/2020,Chiradzulu,0,47
10/04/2020,Chikwawa,0,46
10/04/2020,Ntcheu,0,45
10/04/2020,Mulanje,0,43
10/04/2020,Nsanje,0,37
10/04/2020,Rumphi,0,36
10/04/2020,Mwanza,0,28
10/04/2020,Phalombe,0,11
10/04/2020,Likoma,0,4
10/04/2020,Ntchisi,0,4
10/04/2020,Mwanza PoE,0,204
10/05/2020,Blantyre,7,1955
10/05/2020,Lilongwe,0,1350
10/05/2020,Mzuzu,0,561
10/05/2020,Nkhata Bay,0,196
10/05/2020,Zomba,0,155
10/05/2020,Mzimba ,0,153
10/05/2020,Mangochi,0,148
10/05/2020,Nkhotakota,0,84
10/05/2020,Karonga,0,82
10/05/2020,Dowa,0,82
10/05/2020,Machinga,0,73
10/05/2020,Thyolo,0,66
10/05/2020,Mchinji,1,66
10/05/2020,Chitipa,0,64
10/05/2020,Neno,0,59
10/05/2020,Dedza,0,50
10/05/2020,Balaka,0,49
10/05/2020,Kasungu,0,49
10/05/2020,Salima,0,47
10/05/2020,Chiradzulu,0,47
10/05/2020,Chikwawa,0,46
10/05/2020,Ntcheu,0,45
10/05/2020,Mulanje,0,43
10/05/2020,Nsanje,0,37
10/05/2020,Rumphi,0,36
10/05/2020,Mwanza,0,28
10/05/2020,Phalombe,0,11
10/05/2020,Likoma,0,4
10/05/2020,Ntchisi,0,4
10/05/2020,Mwanza PoE,0,204
10/06/2020,Blantyre,2,1957
10/06/2020,Lilongwe,0,1350
10/06/2020,Mzuzu,0,561
10/06/2020,Nkhata Bay,0,196
10/06/2020,Zomba,0,155
10/06/2020,Mzimba,0,153
10/06/2020,Mangochi,0,148
10/06/2020,Nkhotakota,0,84
10/06/2020,Karonga,0,82
10/06/2020,Dowa,0,82
10/06/2020,Machinga,0,73
10/06/2020,Thyolo,0,66
10/06/2020,Mchinji,0,66
10/06/2020,Chitipa,0,64
10/06/2020,Neno,0,59
10/06/2020,Dedza,0,50
10/06/2020,Balaka,0,49
10/06/2020,Kasungu,0,49
10/06/2020,Salima,0,47
10/06/2020,Chiradzulu,0,47
10/06/2020,Chikwawa,0,46
10/06/2020,Ntcheu,0,45
10/06/2020,Mulanje,0,43
10/06/2020,Nsanje,0,37
10/06/2020,Rumphi,0,36
10/06/2020,Mwanza,0,28
10/06/2020,Phalombe,0,11
10/06/2020,Likoma,0,4
10/06/2020,Ntchisi,0,4
10/06/2020,Mwanza PoE,0,204
10/07/2020,Blantyre,3,1961
10/07/2020,Lilongwe,0,1350
10/07/2020,Mzuzu,3,564
10/07/2020,Nkhata Bay,0,196
10/07/2020,Zomba,0,155
10/07/2020,Mzimba ,0,153
10/07/2020,Mangochi,0,148
10/07/2020,Nkhotakota,0,84
10/07/2020,Karonga,0,82
10/07/2020,Dowa,0,82
10/07/2020,Machinga,0,73
10/07/2020,Thyolo,0,66
10/07/2020,Mchinji,0,66
10/07/2020,Chitipa,0,64
10/07/2020,Neno,0,59
10/07/2020,Dedza,0,50
10/07/2020,Balaka,0,49
10/07/2020,Kasungu,0,49
10/07/2020,Salima,0,47
10/07/2020,Chiradzulu,0,47
10/07/2020,Chikwawa,0,46
10/07/2020,Ntcheu,0,45
10/07/2020,Mulanje,0,43
10/07/2020,Nsanje,0,37
10/07/2020,Rumphi,0,36
10/07/2020,Mwanza,0,28
10/07/2020,Phalombe,0,11
10/07/2020,Likoma,0,4
10/07/2020,Ntchisi,0,4
10/07/2020,Mwanza PoE,0,204
10/08/2020,Blantyre,1,1962
10/08/2020,Lilongwe,2,1352
10/08/2020,Mzuzu,0,564
10/08/2020,Nkhata Bay,0,196
10/08/2020,Zomba,0,155
10/08/2020,Mzimba ,0,153
10/08/2020,Mangochi,0,148
10/08/2020,Nkhotakota,0,84
10/08/2020,Dowa,2,84
10/08/2020,Karonga,0,82
10/08/2020,Machinga,0,73
10/08/2020,Thyolo,1,67
10/08/2020,Mchinji,0,66
10/08/2020,Chitipa,0,64
10/08/2020,Neno,0,59
10/08/2020,Dedza,0,50
10/08/2020,Balaka,0,49
10/08/2020,Kasungu,0,49
10/08/2020,Salima,0,47
10/08/2020,Chiradzulu,0,47
10/08/2020,Chikwawa,0,46
10/08/2020,Ntcheu,0,45
10/08/2020,Mulanje,0,43
10/08/2020,Nsanje,0,37
10/08/2020,Rumphi,0,36
10/08/2020,Mwanza,0,28
10/08/2020,Phalombe,0,11
10/08/2020,Likoma,0,4
10/08/2020,Ntchisi,0,4
10/08/2020,Mwanza PoE,0,204
10/09/2020,Blantyre,2,1964
10/09/2020,Lilongwe,0,1352
10/09/2020,Mzuzu,1,565
10/09/2020,Nkhata Bay,0,196
10/09/2020,Zomba,0,155
10/09/2020,Mzimba,0,153
10/09/2020,Mangochi,0,148
10/09/2020,Nkhotakota,0,84
10/09/2020,Dowa,0,84
10/09/2020,Karonga,0,82
10/09/2020,Machinga,0,73
10/09/2020,Thyolo,1,68
10/09/2020,Mchinji,0,66
10/09/2020,Chitipa,0,64
10/09/2020,Neno,0,59
10/09/2020,Dedza,0,50
10/09/2020,Balaka,0,49
10/09/2020,Kasungu,0,49
10/09/2020,Salima,0,47
10/09/2020,Chiradzulu,0,47
10/09/2020,Chikwawa,0,46
10/09/2020,Ntcheu,0,45
10/09/2020,Mulanje,0,43
10/09/2020,Nsanje,0,37
10/09/2020,Rumphi,0,36
10/09/2020,Mwanza,0,28
10/09/2020,Phalombe,0,11
10/09/2020,Likoma,0,4
10/09/2020,Ntchisi,0,4
10/09/2020,Mwanza PoE,0,204
10/10/2020,Blantyre,6,1970
10/10/2020,Lilongwe,0,1352
10/10/2020,Mzuzu,0,565
10/10/2020,Nkhata Bay,0,196
10/10/2020,Zomba,0,155
10/10/2020,Mzimba ,1,154
10/10/2020,Mangochi,1,149
10/10/2020,Nkhotakota,0,84
10/10/2020,Dowa,0,84
10/10/2020,Karonga,0,82
10/10/2020,Machinga,0,73
10/10/2020,Thyolo,0,68
10/10/2020,Mchinji,0,66
10/10/2020,Chitipa,0,64
10/10/2020,Neno,0,59
10/10/2020,Dedza,0,50
10/10/2020,Balaka,0,49
10/10/2020,Kasungu,0,49
10/10/2020,Salima,0,47
10/10/2020,Chiradzulu,0,47
10/10/2020,Chikwawa,0,46
10/10/2020,Ntcheu,0,45
10/10/2020,Mulanje,0,43
10/10/2020,Nsanje,0,37
10/10/2020,Rumphi,0,36
10/10/2020,Mwanza,0,28
10/10/2020,Phalombe,0,11
10/10/2020,Likoma,0,4
10/10/2020,Ntchisi,0,4
10/10/2020,Mwanza PoE,0,204
10/11/2020,Blantyre,0,1970
10/11/2020,Lilongwe,0,1352
10/11/2020,Mzimba North,0,565
10/11/2020,Nkhata Bay,0,196
10/11/2020,Zomba,0,155
10/11/2020,Mzimba South,0,154
10/11/2020,Mangochi,0,149
10/11/2020,Nkhotakota,0,84
10/11/2020,Dowa,0,84
10/11/2020,Karonga,0,82
10/11/2020,Machinga,0,73
10/11/2020,Thyolo,0,68
10/11/2020,Mchinji,0,66
10/11/2020,Chitipa,0,64
10/11/2020,Neno,0,59
10/11/2020,Dedza,0,50
10/11/2020,Balaka,0,49
10/11/2020,Kasungu,0,49
10/11/2020,Salima,0,47
10/11/2020,Chiradzulu,0,47
10/11/2020,Chikwawa,0,46
10/11/2020,Ntcheu,0,45
10/11/2020,Mulanje,0,43
10/11/2020,Nsanje,0,37
10/11/2020,Rumphi,0,36
10/11/2020,Mwanza,0,28
10/11/2020,Phalombe,0,11
10/11/2020,Likoma,0,4
10/11/2020,Ntchisi,0,4
10/11/2020,Mwanza PoE,0,204
10/12/2020,Blantyre,2,1972
10/12/2020,Lilongwe,1,1353
10/12/2020,Mzimba North,0,565
10/12/2020,Nkhata Bay,0,196
10/12/2020,Zomba,0,155
10/12/2020,Mzimba South,0,154
10/12/2020,Mangochi,0,149
10/12/2020,Nkhotakota,0,84
10/12/2020,Dowa,0,84
10/12/2020,Karonga,0,82
10/12/2020,Machinga,0,73
10/12/2020,Thyolo,0,68
10/12/2020,Mchinji,0,66
10/12/2020,Chitipa,0,64
10/12/2020,Neno,0,59
10/12/2020,Dedza,0,50
10/12/2020,Balaka,0,49
10/12/2020,Kasungu,0,49
10/12/2020,Salima,0,47
10/12/2020,Chiradzulu,0,47
10/12/2020,Chikwawa,0,46
10/12/2020,Ntcheu,0,45
10/12/2020,Mulanje,0,43
10/12/2020,Nsanje,0,37
10/12/2020,Rumphi,0,36
10/12/2020,Mwanza,0,28
10/12/2020,Phalombe,0,11
10/12/2020,Likoma,0,4
10/12/2020,Ntchisi,0,4
10/12/2020,Mwanza PoE,0,204
10/13/2020,Blantyre,3,1975
10/13/2020,Lilongwe,0,1353
10/13/2020,Mzimba North,0,565
10/13/2020,Nkhata Bay,0,196
10/13/2020,Zomba,0,155
10/13/2020,Mzimba South,0,154
10/13/2020,Mangochi,0,149
10/13/2020,Nkhotakota,0,84
10/13/2020,Dowa,0,84
10/13/2020,Karonga,0,82
10/13/2020,Machinga,0,73
10/13/2020,Thyolo,0,68
10/13/2020,Mchinji,0,66
10/13/2020,Chitipa,0,64
10/13/2020,Neno,0,59
10/13/2020,Dedza,0,50
10/13/2020,Balaka,0,49
10/13/2020,Kasungu,0,49
10/13/2020,Salima,0,47
10/13/2020,Chiradzulu,0,47
10/13/2020,Chikwawa,0,46
10/13/2020,Ntcheu,0,45
10/13/2020,Mulanje,0,43
10/13/2020,Nsanje,0,37
10/13/2020,Rumphi,0,36
10/13/2020,Mwanza,0,28
10/13/2020,Phalombe,0,11
10/13/2020,Likoma,0,4
10/13/2020,Ntchisi,0,4
10/13/2020,Mwanza PoE,0,204
10/14/2020,Blantyre,1,1976
10/14/2020,Lilongwe,0,1353
10/14/2020,Mzimba North,1,566
10/14/2020,Nkhata Bay,0,196
10/14/2020,Zomba,0,155
10/14/2020,Mzimba South,0,154
10/14/2020,Mangochi,0,149
10/14/2020,Nkhotakota,0,84
10/14/2020,Dowa,0,84
10/14/2020,Karonga,0,82
10/14/2020,Machinga,0,73
10/14/2020,Thyolo,0,68
10/14/2020,Mchinji,0,66
10/14/2020,Chitipa,0,64
10/14/2020,Neno,0,59
10/14/2020,Dedza,0,50
10/14/2020,Balaka,0,49
10/14/2020,Kasungu,0,49
10/14/2020,Salima,0,47
10/14/2020,Chiradzulu,0,47
10/14/2020,Chikwawa,0,46
10/14/2020,Ntcheu,0,45
10/14/2020,Mulanje,0,43
10/14/2020,Nsanje,0,37
10/14/2020,Rumphi,0,36
10/14/2020,Mwanza,0,28
10/14/2020,Phalombe,0,11
10/14/2020,Likoma,0,4
10/14/2020,Ntchisi,0,4
10/14/2020,Mwanza PoE,0,204
10/15/2020,Blantyre,3,1979
10/15/2020,Lilongwe,0,1353
10/15/2020,Mzimba North,0,566
10/15/2020,Nkhata Bay,0,196
10/15/2020,Zomba,1,156
10/15/2020,Mzimba South,0,154
10/15/2020,Mangochi,0,149
10/15/2020,Dowa,3,87
10/15/2020,Nkhotakota,0,84
10/15/2020,Karonga,0,82
10/15/2020,Machinga,0,73
10/15/2020,Thyolo,0,68
10/15/2020,Mchinji,0,66
10/15/2020,Chitipa,0,64
10/15/2020,Neno,0,59
10/15/2020,Dedza,0,50
10/15/2020,Balaka,0,49
10/15/2020,Kasungu,0,49
10/15/2020,Salima,0,47
10/15/2020,Chiradzulu,0,47
10/15/2020,Chikwawa,0,46
10/15/2020,Ntcheu,0,45
10/15/2020,Mulanje,0,43
10/15/2020,Nsanje,0,37
10/15/2020,Rumphi,0,36
10/15/2020,Mwanza,0,28
10/15/2020,Phalombe,0,11
10/15/2020,Likoma,0,4
10/15/2020,Ntchisi,0,4
10/15/2020,Mwanza PoE,0,204
10/16/2020,Blantyre,0,1979
10/16/2020,Lilongwe,3,1356
10/16/2020,Mzimba North,0,566
10/16/2020,Nkhata Bay,0,196
10/16/2020,Zomba,0,156
10/16/2020,Mzimba South,0,154
10/16/2020,Mangochi,0,149
10/16/2020,Dowa,3,90
10/16/2020,Nkhotakota,0,84
10/16/2020,Karonga,0,82
10/16/2020,Machinga,0,73
10/16/2020,Thyolo,0,68
10/16/2020,Mchinji,0,66
10/16/2020,Chitipa,0,64
10/16/2020,Neno,0,59
10/16/2020,Dedza,0,50
10/16/2020,Balaka,0,49
10/16/2020,Kasungu,0,49
10/16/2020,Salima,0,47
10/16/2020,Chiradzulu,0,47
10/16/2020,Chikwawa,0,46
10/16/2020,Ntcheu,0,45
10/16/2020,Mulanje,0,43
10/16/2020,Nsanje,0,37
10/16/2020,Rumphi,0,36
10/16/2020,Mwanza,0,28
10/16/2020,Phalombe,0,11
10/16/2020,Likoma,0,4
10/16/2020,Ntchisi,0,4
10/16/2020,Mwanza PoE,0,204
10/17/2020,Blantyre,1,1980
10/17/2020,Lilongwe,9,1365
10/17/2020,Mzimba North,0,566
10/17/2020,Nkhata Bay,0,196
10/17/2020,Zomba,0,156
10/17/2020,Mzimba South,0,154
10/17/2020,Mangochi,0,149
10/17/2020,Dowa,0,90
10/17/2020,Nkhotakota,0,84
10/17/2020,Karonga,0,82
10/17/2020,Machinga,0,73
10/17/2020,Thyolo,0,68
10/17/2020,Mchinji,0,66
10/17/2020,Chitipa,0,64
10/17/2020,Neno,0,59
10/17/2020,Dedza,0,50
10/17/2020,Balaka,0,49
10/17/2020,Kasungu,0,49
10/17/2020,Salima,0,47
10/17/2020,Chiradzulu,0,47
10/17/2020,Chikwawa,0,46
10/17/2020,Ntcheu,0,45
10/17/2020,Mulanje,0,43
10/17/2020,Nsanje,0,37
10/17/2020,Rumphi,0,36
10/17/2020,Mwanza,0,28
10/17/2020,Phalombe,0,11
10/17/2020,Likoma,0,4
10/17/2020,Ntchisi,0,4
10/17/2020,Mwanza PoE,0,204
10/18/2020,Blantyre,5,1985
10/18/2020,Lilongwe,0,1365
10/18/2020,Mzuzu,0,566
10/18/2020,Nkhata Bay,0,196
10/18/2020,Zomba,0,156
10/18/2020,Mzimba,0,154
10/18/2020,Mangochi,0,149
10/18/2020,Dowa,0,90
10/18/2020,Nkhotakota,0,84
10/18/2020,Karonga,0,82
10/18/2020,Machinga,0,73
10/18/2020,Thyolo,0,68
10/18/2020,Mchinji,0,66
10/18/2020,Chitipa,0,64
10/18/2020,Neno,0,59
10/18/2020,Dedza,0,50
10/18/2020,Balaka,0,49
10/18/2020,Kasungu,0,49
10/18/2020,Salima,0,47
10/18/2020,Chiradzulu,0,47
10/18/2020,Chikwawa,0,46
10/18/2020,Ntcheu,0,45
10/18/2020,Mulanje,0,43
10/18/2020,Nsanje,0,37
10/18/2020,Rumphi,0,36
10/18/2020,Mwanza,0,28
10/18/2020,Phalombe,0,11
10/18/2020,Likoma,0,4
10/18/2020,Ntchisi,0,4
10/18/2020,Mwanza PoE,0,204
10/19/2020,Blantyre,1,1986
10/19/2020,Lilongwe,2,1367
10/19/2020,Mzuzu,0,566
10/19/2020,Nkhata Bay,0,196
10/19/2020,Zomba,0,156
10/19/2020,Mzimba ,0,154
10/19/2020,Mangochi,0,149
10/19/2020,Dowa,0,91
10/19/2020,Nkhotakota,0,84
10/19/2020,Karonga,0,82
10/19/2020,Machinga,0,70
10/19/2020,Thyolo,0,68
10/19/2020,Mchinji,0,66
10/19/2020,Chitipa,0,64
10/19/2020,Neno,0,59
10/19/2020,Dedza,0,52
10/19/2020,Kasungu,0,49
10/19/2020,Balaka,0,48
10/19/2020,Salima,0,47
10/19/2020,Chiradzulu,0,47
10/19/2020,Ntcheu,0,45
10/19/2020,Chikwawa,0,44
10/19/2020,Mulanje,0,43
10/19/2020,Rumphi,0,40
10/19/2020,Nsanje,0,37
10/19/2020,Mwanza,0,27
10/19/2020,Phalombe,0,11
10/19/2020,Likoma,0,4
10/19/2020,Ntchisi,0,4
10/19/2020,Mwanza PoE,0,204
10/20/2020,Blantyre,0,1986
10/20/2020,Lilongwe,1,1368
10/20/2020,Mzuzu,0,566
10/20/2020,Nkhata Bay,0,196
10/20/2020,Zomba,0,156
10/20/2020,Mzimba ,0,154
10/20/2020,Mangochi,0,149
10/20/2020,Dowa,0,91
10/20/2020,Nkhotakota,0,84
10/20/2020,Karonga,0,82
10/20/2020,Machinga,0,70
10/20/2020,Thyolo,0,68
10/20/2020,Mchinji,0,66
10/20/2020,Chitipa,0,64
10/20/2020,Neno,0,59
10/20/2020,Dedza,0,52
10/20/2020,Kasungu,0,49
10/20/2020,Balaka,0,48
10/20/2020,Salima,0,47
10/20/2020,Chiradzulu,0,47
10/20/2020,Ntcheu,0,45
10/20/2020,Chikwawa,0,44
10/20/2020,Mulanje,0,43
10/20/2020,Rumphi,0,40
10/20/2020,Nsanje,0,37
10/20/2020,Mwanza,0,27
10/20/2020,Phalombe,0,11
10/20/2020,Likoma,0,4
10/20/2020,Ntchisi,0,4
10/20/2020,Mwanza PoE,0,204
10/21/2020,Blantyre,2,1988
10/21/2020,Lilongwe,0,1368
10/21/2020,Mzuzu,0,566
10/21/2020,Nkhata Bay,0,196
10/21/2020,Zomba,0,156
10/21/2020,Mzimba ,0,154
10/21/2020,Mangochi,0,149
10/21/2020,Dowa,0,91
10/21/2020,Nkhotakota,0,84
10/21/2020,Karonga,0,82
10/21/2020,Machinga,0,70
10/21/2020,Thyolo,0,68
10/21/2020,Mchinji,0,66
10/21/2020,Chitipa,0,64
10/21/2020,Neno,0,59
10/21/2020,Dedza,0,52
10/21/2020,Kasungu,0,49
10/21/2020,Balaka,0,48
10/21/2020,Salima,0,47
10/21/2020,Chiradzulu,0,47
10/21/2020,Ntcheu,1,46
10/21/2020,Chikwawa,0,44
10/21/2020,Mulanje,0,43
10/21/2020,Rumphi,0,40
10/21/2020,Nsanje,0,37
10/21/2020,Mwanza,0,27
10/21/2020,Phalombe,0,11
10/21/2020,Likoma,0,4
10/21/2020,Ntchisi,0,4
10/21/2020,Mwanza PoE,0,204
10/22/2020,Blantyre,3,1991
10/22/2020,Lilongwe,1,1369
10/22/2020,Mzuzu,6,572
10/22/2020,Nkhata Bay,0,196
10/22/2020,Zomba,0,156
10/22/2020,Mzimba ,0,154
10/22/2020,Mangochi,0,149
10/22/2020,Dowa,0,91
10/22/2020,Nkhotakota,0,84
10/22/2020,Karonga,0,82
10/22/2020,Machinga,0,70
10/22/2020,Thyolo,0,68
10/22/2020,Mchinji,0,66
10/22/2020,Chitipa,0,64
10/22/2020,Neno,0,59
10/22/2020,Dedza,0,52
10/22/2020,Kasungu,0,49
10/22/2020,Balaka,0,48
10/22/2020,Salima,0,47
10/22/2020,Chiradzulu,0,47
10/22/2020,Ntcheu,0,46
10/22/2020,Chikwawa,0,44
10/22/2020,Mulanje,0,43
10/22/2020,Rumphi,0,40
10/22/2020,Nsanje,0,37
10/22/2020,Mwanza,0,27
10/22/2020,Phalombe,0,11
10/22/2020,Likoma,0,4
10/22/2020,Ntchisi,0,4
10/22/2020,Mwanza PoE,0,204
10/23/2020,Blantyre,0,1991
10/23/2020,Lilongwe,7,1376
10/23/2020,Mzuzu,0,572
10/23/2020,Nkhata Bay,0,196
10/23/2020,Zomba,0,156
10/23/2020,Mzimba ,0,154
10/23/2020,Mangochi,0,149
10/23/2020,Dowa,4,95
10/23/2020,Nkhotakota,0,84
10/23/2020,Karonga,0,82
10/23/2020,Machinga,0,70
10/23/2020,Thyolo,0,68
10/23/2020,Mchinji,0,66
10/23/2020,Chitipa,0,64
10/23/2020,Neno,0,59
10/23/2020,Dedza,0,52
10/23/2020,Kasungu,0,49
10/23/2020,Balaka,0,48
10/23/2020,Salima,0,47
10/23/2020,Chiradzulu,0,47
10/23/2020,Ntcheu,0,46
10/23/2020,Chikwawa,0,44
10/23/2020,Mulanje,0,43
10/23/2020,Rumphi,0,40
10/23/2020,Nsanje,0,37
10/23/2020,Mwanza,0,27
10/23/2020,Phalombe,0,11
10/23/2020,Likoma,0,4
10/23/2020,Ntchisi,0,4
10/23/2020,Mwanza PoE,0,204
10/24/2020,Blantyre,1,1992
10/24/2020,Lilongwe,0,1376
10/24/2020,Mzimba North,0,572
10/24/2020,Nkhata Bay,0,196
10/24/2020,Zomba,0,156
10/24/2020,Mzimba South,0,154
10/24/2020,Mangochi,1,150
10/24/2020,Dowa,0,95
10/24/2020,Nkhotakota,0,84
10/24/2020,Karonga,0,82
10/24/2020,Machinga,0,70
10/24/2020,Thyolo,0,68
10/24/2020,Mchinji,0,66
10/24/2020,Chitipa,0,64
10/24/2020,Neno,0,59
10/24/2020,Dedza,0,52
10/24/2020,Kasungu,0,49
10/24/2020,Balaka,0,48
10/24/2020,Salima,0,47
10/24/2020,Chiradzulu,0,47
10/24/2020,Ntcheu,0,46
10/24/2020,Chikwawa,0,44
10/24/2020,Mulanje,0,43
10/24/2020,Rumphi,0,40
10/24/2020,Nsanje,0,37
10/24/2020,Mwanza,0,27
10/24/2020,Phalombe,0,11
10/24/2020,Likoma,0,4
10/24/2020,Ntchisi,0,4
10/24/2020,Mwanza PoE,0,204
10/25/2020,Blantyre,0,1992
10/25/2020,Lilongwe,3,1379
10/25/2020,Mzimba North,0,572
10/25/2020,Nkhata Bay,0,196
10/25/2020,Zomba,0,156
10/25/2020,Mzimba South,0,154
10/25/2020,Mangochi,0,150
10/25/2020,Dowa,0,95
10/25/2020,Nkhotakota,0,84
10/25/2020,Karonga,0,82
10/25/2020,Machinga,0,70
10/25/2020,Thyolo,0,68
10/25/2020,Mchinji,0,66
10/25/2020,Chitipa,0,64
10/25/2020,Neno,0,59
10/25/2020,Dedza,0,52
10/25/2020,Kasungu,0,49
10/25/2020,Balaka,0,48
10/25/2020,Salima,0,47
10/25/2020,Chiradzulu,0,47
10/25/2020,Ntcheu,0,46
10/25/2020,Chikwawa,0,44
10/25/2020,Mulanje,0,43
10/25/2020,Rumphi,0,40
10/25/2020,Nsanje,0,37
10/25/2020,Mwanza,0,27
10/25/2020,Phalombe,0,11
10/25/2020,Likoma,0,4
10/25/2020,Ntchisi,0,4
10/25/2020,Mwanza PoE,0,204
